_id,category,name,description,price,image,gender,isDeleted,updatedAt,createdAt,__v,image.asset_id,image.public_id,image.version,image.version_id,image.signature,image.width,image.height,image.format,image.resource_type,image.created_at,image.bytes,image.type,image.etag,image.placeholder,image.url,image.secure_url,image.folder,image.access_mode,image.original_filename,image.api_key
64d45cd5bcde2e7209111315,shoes,Awesome Frozen Keyboard,Aliquam blanditiis harum illum delectus enim. Maxime ex laborum nostrum placeat dolorum id earum non. Reprehenderit cupiditate quod aperiam.,137.29,https://loremflickr.com/640/480/fashion?lock=44436796997632,male,true,2023-08-11T02:57:08.154Z,,,,,,,,,,,,,,,,,,,,,,
64d45cd5bcde2e7209111316,pants,Awesome Metal Towel,Labore tempore nisi aut. Exercitationem distinctio aliquam quo.,133.41,https://loremflickr.com/640/480/fashion?lock=2802252645400576,male,true,2023-08-12T00:21:50.218Z,,,,,,,,,,,,,,,,,,,,,,
64d45cd5bcde2e7209111317,shoes,Handcrafted Concrete Car,Consectetur nisi iure ipsa veritatis amet repudiandae nihil. Dolores doloremque quae accusamus rem. Sunt eum et tenetur perferendis quo voluptates nisi.,104.09,https://loremflickr.com/640/480/fashion?lock=4685123794501632,male,true,2023-08-12T22:06:29.602Z,,,,,,,,,,,,,,,,,,,,,,
64d45cd5bcde2e7209111318,pants,Handcrafted Cotton Chip,Rem aperiam sunt ratione officiis hic libero vitae. Delectus esse eveniet incidunt esse fuga ex reiciendis. Illo quas fugit ducimus.,106.34,,male,true,2023-08-13T17:40:33.903Z,,,,,,,,,,,,,,,,,,,,,,
64d45cd5bcde2e7209111319,shirt,Small Granite Towels,Assumenda et sapiente maxime facere voluptate dolor. Corrupti quod atque consectetur. Ipsam possimus quo architecto dicta ad aperiam.,165.93,https://loremflickr.com/640/480/fashion?lock=280975370092544,female,false,,,,,,,,,,,,,,,,,,,,,,,
64d45cd5bcde2e720911131a,shoes,Luxurious Wooden Cheese,Tempore eos hic numquam. Nisi libero assumenda quibusdam architecto eligendi harum voluptate facere commodi.,195.3,https://loremflickr.com/640/480/fashion?lock=3338793348235264,female,true,2023-08-14T09:17:35.994Z,,,,,,,,,,,,,,,,,,,,,,
64d45cd5bcde2e720911131b,pants,Bespoke Soft Pants,Nisi dolore recusandae veritatis quasi impedit reiciendis possimus maxime ratione.,151.89,https://loremflickr.com/640/480/fashion?lock=7637369570197504,female,false,,,,,,,,,,,,,,,,,,,,,,,
64d45cd5bcde2e720911131c,shoes,Unbranded Concrete Table,Ab ullam voluptate a dolores animi explicabo. Similique dignissimos eveniet.,145.56,https://loremflickr.com/640/480/fashion?lock=6618893674086400,male,false,,,,,,,,,,,,,,,,,,,,,,,
64d45cd5bcde2e720911131d,pants,Modern Plastic Bike,Corporis maxime dolorem nihil. Quisquam reiciendis ducimus repudiandae inventore pariatur velit qui. Corrupti aperiam nesciunt modi ea architecto deserunt reiciendis maiores.,184.53,https://loremflickr.com/640/480/fashion?lock=4299835532378112,male,false,,,,,,,,,,,,,,,,,,,,,,,
64d45cd5bcde2e720911131e,pants,Awesome Cotton Salad,A veritatis debitis. Commodi eaque rerum deserunt libero veniam facere beatae illo deserunt.,160.28,https://res.cloudinary.com/dr4uslxhx/image/upload/v1691945959/nrexnq4m1end2wmbnbbe.jpg,female,false,2023-08-13T16:59:19.586Z,,,,,,,,,,,,,,,,,,,,,,
64d45cd5bcde2e720911131f,shirt,Handcrafted Cotton Soap,Distinctio ut optio voluptatum laudantium harum.,102.56,https://loremflickr.com/640/480/fashion?lock=357707137679360,female,false,,,,,,,,,,,,,,,,,,,,,,,
64d45cd5bcde2e7209111320,shoes,Sleek Granite Keyboard,Culpa eum similique error ex saepe enim natus. Odio corporis nesciunt.,160.16,,male,false,2023-08-13T17:31:41.876Z,,,,,,,,,,,,,,,,,,,,,,
64d45cd5bcde2e7209111321,shoes,Small Fresh Mouse,Corporis fugit suscipit et vero eum exercitationem deserunt ullam. Laborum dignissimos similique quas delectus dolore placeat. Molestias maxime nesciunt reiciendis architecto.,174.19,https://loremflickr.com/640/480/fashion?lock=1537616107274240,male,false,2023-08-13T16:42:05.061Z,,,,,,,,,,,,,,,,,,,,,,
64d45cd5bcde2e7209111322,shirt,Recycled Soft Sausages,Illum consequatur distinctio nesciunt vitae necessitatibus aut libero. Voluptates maiores aliquam nobis nesciunt at.,148.65,https://loremflickr.com/640/480/fashion?lock=5739275735793664,male,false,,,,,,,,,,,,,,,,,,,,,,,
64d45cd5bcde2e7209111323,pants,Gorgeous Concrete Bike,Sunt adipisci animi nulla deleniti unde ullam maiores voluptatem. Vero provident rerum tempore non quibusdam.,152.91,https://res.cloudinary.com/dr4uslxhx/image/upload/v1692004670/rrlsfwk4gqzkxy2hih2i.jpg,female,false,2023-08-14T09:17:51.951Z,,,,,,,,,,,,,,,,,,,,,,
64d45cd5bcde2e7209111324,shirt,Handmade Cotton Chicken,Fugiat exercitationem aliquam voluptatum harum.,110.05,https://loremflickr.com/640/480/fashion?lock=7590823759708160,male,false,,,,,,,,,,,,,,,,,,,,,,,
64d45cd5bcde2e7209111325,shoes,Small Concrete Chair,Quod voluptatem impedit nihil nobis rerum cupiditate praesentium animi.,159.06,https://loremflickr.com/640/480/fashion?lock=1480455958298624,female,false,,,,,,,,,,,,,,,,,,,,,,,
64d45cd5bcde2e7209111326,pants,Generic Fresh Bacon,Velit animi cum. Pariatur porro incidunt nostrum at exercitationem dolor non quasi cumque. Laborum ut molestiae rem ab doloribus recusandae corrupti recusandae rerum.,163.69,https://loremflickr.com/640/480/fashion?lock=4296061982081024,male,false,,,,,,,,,,,,,,,,,,,,,,,
64d45cd5bcde2e7209111327,shirt,Sleek Rubber Pizza,Quibusdam rerum minus mollitia atque nobis sapiente.,149.29,https://loremflickr.com/640/480/fashion?lock=1692696565514240,female,false,,,,,,,,,,,,,,,,,,,,,,,
64d45cd5bcde2e7209111328,shoes,Bespoke Metal Chips,Neque illum nulla ipsum labore saepe nostrum. Quasi inventore fuga modi ipsam illo voluptatem repudiandae.,159.08,https://loremflickr.com/640/480/fashion?lock=4931914693607424,male,false,,,,,,,,,,,,,,,,,,,,,,,
64d45cd5bcde2e7209111329,shirt,Fantastic Steel Ball,Nemo cum vitae. Dolorem autem fugiat ullam et dolorum dicta quo.,140.87,https://loremflickr.com/640/480/fashion?lock=3049009553866752,female,false,,,,,,,,,,,,,,,,,,,,,,,
64d45cd5bcde2e720911132a,shirt,Handcrafted Wooden Keyboard,Error sit impedit earum magnam quibusdam numquam nesciunt eveniet. Similique vitae culpa a nulla quos quis magnam.,166.06,https://loremflickr.com/640/480/fashion?lock=4188001240350720,female,false,,,,,,,,,,,,,,,,,,,,,,,
64d45cd5bcde2e720911132b,shoes,Rustic Cotton Fish,Nobis repellat quam odio.,157.24,https://loremflickr.com/640/480/fashion?lock=4383065319145472,female,false,,,,,,,,,,,,,,,,,,,,,,,
64d45cd5bcde2e720911132c,pants,Fantastic Plastic Hat,Praesentium pariatur praesentium ab ratione sint rerum qui sequi nulla. Laudantium libero adipisci porro. Earum nam adipisci eaque placeat laboriosam sit temporibus.,117.86,https://loremflickr.com/640/480/fashion?lock=4849890507096064,female,false,,,,,,,,,,,,,,,,,,,,,,,
64d45cd5bcde2e720911132d,shirt,Recycled Concrete Table,Totam excepturi adipisci qui quibusdam odio modi eum. Deserunt minus sequi earum cumque maxime dolore consequuntur. Ipsum voluptatem quaerat provident.,158.66,https://loremflickr.com/640/480/fashion?lock=8245642912595968,female,false,,,,,,,,,,,,,,,,,,,,,,,
64d45cd5bcde2e720911132e,shirt,Rustic Frozen Soap,Molestiae magni possimus maxime porro natus. Doloremque quisquam ut ab illo quia natus itaque.,169.97,https://loremflickr.com/640/480/fashion?lock=2143202331066368,male,false,,,,,,,,,,,,,,,,,,,,,,,
64d45cd5bcde2e720911132f,pants,Handcrafted Frozen Shoes,Dicta deleniti sint sunt repellat tenetur laudantium ratione. Maiores incidunt qui architecto recusandae suscipit ex rem ducimus. Itaque molestiae eveniet.,139.93,https://loremflickr.com/640/480/fashion?lock=5737139786481664,male,false,,,,,,,,,,,,,,,,,,,,,,,
64d45cd5bcde2e7209111330,shoes,Small Cotton Chicken,Voluptatem nesciunt amet porro ut amet consequuntur odit.,105.24,https://loremflickr.com/640/480/fashion?lock=7993232495476736,male,false,,,,,,,,,,,,,,,,,,,,,,,
64d45cd5bcde2e7209111331,pants,Recycled Metal Ball,Aliquam veniam fugit sint accusamus non non possimus. Corporis aliquam culpa possimus.,189.54,https://loremflickr.com/640/480/fashion?lock=2376590421917696,female,false,,,,,,,,,,,,,,,,,,,,,,,
64d45cd5bcde2e7209111332,pants,Elegant Granite Tuna,Numquam fuga neque consectetur. Earum reprehenderit nostrum sunt quisquam.,110.94,https://loremflickr.com/640/480/fashion?lock=3578853119229952,female,false,,,,,,,,,,,,,,,,,,,,,,,
64d45cd5bcde2e7209111333,pants,Tasty Cotton Fish,Delectus repellat esse vero exercitationem tenetur voluptatum similique.,165.82,https://loremflickr.com/640/480/fashion?lock=1386505549381632,female,false,,,,,,,,,,,,,,,,,,,,,,,
64d45cd5bcde2e7209111334,pants,Elegant Frozen Keyboard,Quo dignissimos porro ea nobis laborum exercitationem.,116.06,https://loremflickr.com/640/480/fashion?lock=8216183249567744,male,false,,,,,,,,,,,,,,,,,,,,,,,
64d45cd5bcde2e7209111335,pants,Awesome Soft Mouse,Dignissimos dolorum commodi.,127.44,https://loremflickr.com/640/480/fashion?lock=8411699409321984,male,false,,,,,,,,,,,,,,,,,,,,,,,
64d45cd5bcde2e7209111336,pants,Awesome Metal Salad,Pariatur occaecati nobis. Illum porro fugiat praesentium voluptatum voluptatibus autem ipsam consequuntur corrupti. Eius voluptates sit veniam beatae molestiae ex.,122.99,https://loremflickr.com/640/480/fashion?lock=6656203599904768,female,false,,,,,,,,,,,,,,,,,,,,,,,
64d45cd5bcde2e7209111337,pants,Rustic Steel Keyboard,Rem delectus voluptas atque eveniet alias. Quos dolore inventore iste adipisci quos. Magni magni nobis ullam illo ea quidem.,119.98,https://loremflickr.com/640/480/fashion?lock=7200812499468288,female,false,,,,,,,,,,,,,,,,,,,,,,,
64d45cd5bcde2e7209111338,shirt,Unbranded Wooden Shirt,Voluptatibus rerum voluptate sint dolor delectus quo. Esse id eum cumque quam veritatis architecto iure facere ullam.,172.02,https://loremflickr.com/640/480/fashion?lock=7617939006029824,male,false,,,,,,,,,,,,,,,,,,,,,,,
64d45cd5bcde2e7209111339,shirt,Ergonomic Rubber Pizza,Reiciendis blanditiis sequi illo autem reiciendis omnis nulla rerum corrupti.,181.05,https://loremflickr.com/640/480/fashion?lock=6993579369037824,male,false,,,,,,,,,,,,,,,,,,,,,,,
64d45cd5bcde2e720911133a,pants,Handcrafted Wooden Fish,Nesciunt debitis a enim cum. Cumque tenetur quia assumenda commodi architecto animi illo commodi omnis. Expedita nesciunt illum ipsum impedit perspiciatis placeat tempora et libero.,140.65,https://loremflickr.com/640/480/fashion?lock=6046876663021568,female,false,,,,,,,,,,,,,,,,,,,,,,,
64d45cd5bcde2e720911133b,shoes,Electronic Cotton Tuna,Praesentium provident ad repellat possimus fugiat est. Sit vero non ex cumque numquam illo voluptates dolorem.,189.15,https://loremflickr.com/640/480/fashion?lock=7582947049734144,female,false,,,,,,,,,,,,,,,,,,,,,,,
64d45cd5bcde2e720911133c,pants,Rustic Metal Keyboard,Commodi voluptatum harum.,162.54,https://loremflickr.com/640/480/fashion?lock=5247276523978752,female,false,,,,,,,,,,,,,,,,,,,,,,,
64d45cd5bcde2e720911133d,shirt,Small Cotton Salad,Odio saepe eos quis assumenda odit vero. Itaque pariatur voluptate. Quis eius harum consequuntur quia quae hic suscipit nobis nihil.,158.7,https://loremflickr.com/640/480/fashion?lock=1434471593148416,female,false,,,,,,,,,,,,,,,,,,,,,,,
64d45cd5bcde2e720911133e,pants,Awesome Rubber Bike,Enim placeat amet soluta.,141.15,https://loremflickr.com/640/480/fashion?lock=1916034755854336,female,false,,,,,,,,,,,,,,,,,,,,,,,
64d45cd5bcde2e720911133f,pants,Refined Plastic Hat,Beatae veniam exercitationem.,136.98,https://loremflickr.com/640/480/fashion?lock=8034193952997376,male,false,,,,,,,,,,,,,,,,,,,,,,,
64d45cd5bcde2e7209111340,pants,Oriental Granite Pizza,Dolor eum assumenda odit alias soluta. Sed aspernatur odio voluptatem impedit cupiditate nulla eum.,190.34,https://loremflickr.com/640/480/fashion?lock=4305170406047744,female,false,,,,,,,,,,,,,,,,,,,,,,,
64d45cd5bcde2e7209111341,pants,Intelligent Frozen Pants,Dolores quas tenetur perferendis rerum nesciunt architecto amet provident. Laboriosam consequatur ab unde ipsum quidem perferendis iste iusto. Quod omnis molestias repudiandae.,116.12,https://loremflickr.com/640/480/fashion?lock=8795152613113856,female,false,,,,,,,,,,,,,,,,,,,,,,,
64d45cd5bcde2e7209111342,shirt,Unbranded Granite Cheese,Sequi facilis dicta provident dignissimos placeat odio atque illo expedita. Enim rem doloremque. Dignissimos perspiciatis fugiat natus velit doloribus ad dolor neque harum.,172.9,https://loremflickr.com/640/480/fashion?lock=8181405297147904,female,false,,,,,,,,,,,,,,,,,,,,,,,
64d45cd5bcde2e7209111343,pants,Small Granite Pizza,Nemo eius quae officia maxime cum voluptatem commodi dolor sed. Saepe nemo deserunt in quas veniam dicta magni ad veritatis.,170.17,https://loremflickr.com/640/480/fashion?lock=8130605273317376,male,false,,,,,,,,,,,,,,,,,,,,,,,
64d45cd5bcde2e7209111344,pants,Fantastic Concrete Fish,Minima quasi necessitatibus veniam cupiditate.,137.35,https://loremflickr.com/640/480/fashion?lock=2797894499303424,male,false,,,,,,,,,,,,,,,,,,,,,,,
64d45cd5bcde2e7209111345,pants,Electronic Granite Bike,Soluta quam impedit iusto veritatis praesentium iste. Occaecati facilis perferendis voluptate impedit consequuntur.,185.82,https://loremflickr.com/640/480/fashion?lock=588771464577024,male,false,,,,,,,,,,,,,,,,,,,,,,,
64d45cd5bcde2e7209111346,shoes,Generic Steel Chicken,Autem molestiae numquam error. Expedita harum aut iure maxime aspernatur voluptatem odio iusto optio.,165.41,https://loremflickr.com/640/480/fashion?lock=5145448905965568,female,false,,,,,,,,,,,,,,,,,,,,,,,
64d45cd5bcde2e7209111347,pants,Elegant Plastic Tuna,Nihil aspernatur praesentium porro accusamus consequatur sapiente quae eius dicta. Aspernatur dignissimos corporis occaecati maxime placeat.,181.05,https://loremflickr.com/640/480/fashion?lock=1051064948228096,male,false,,,,,,,,,,,,,,,,,,,,,,,
64d45cd5bcde2e7209111348,pants,Awesome Wooden Soap,Amet ullam nam illum nihil consequatur sit quidem sunt nobis.,139.09,https://loremflickr.com/640/480/fashion?lock=4457266784763904,female,false,,,,,,,,,,,,,,,,,,,,,,,
64d45cd5bcde2e7209111349,shoes,Rustic Fresh Ball,Amet minima nam ullam debitis iusto laborum earum atque. Occaecati aliquid consectetur.,151.83,https://loremflickr.com/640/480/fashion?lock=6353430243180544,male,false,,,,,,,,,,,,,,,,,,,,,,,
64d45cd5bcde2e720911134a,shoes,Licensed Fresh Shoes,Recusandae cumque sit labore eaque adipisci sint dolor accusamus possimus. Reiciendis dolores accusantium ab fuga occaecati et. Iusto doloremque occaecati maxime numquam.,170.44,https://loremflickr.com/640/480/fashion?lock=3176650478977024,female,false,,,,,,,,,,,,,,,,,,,,,,,
64d45cd5bcde2e720911134b,shirt,Bespoke Concrete Ball,Facilis enim cum nulla dignissimos veritatis labore tempore ab porro. Aspernatur architecto deleniti recusandae earum animi nihil dolorem accusamus. Doloremque corporis veniam quos dolorem nam aliquam.,133.36,https://loremflickr.com/640/480/fashion?lock=6172707324428288,male,false,,,,,,,,,,,,,,,,,,,,,,,
64d45cd5bcde2e720911134c,shirt,Handcrafted Cotton Table,Eaque natus doloribus magnam debitis quis nobis. Alias nulla sint. Consequuntur delectus autem perspiciatis tempora architecto quam.,106.18,https://loremflickr.com/640/480/fashion?lock=2953671090372608,female,false,,,,,,,,,,,,,,,,,,,,,,,
64d45cd5bcde2e720911134d,pants,Sleek Metal Keyboard,Debitis facilis quos. Expedita nam quo voluptates incidunt libero officiis illo sit pariatur.,193.95,https://loremflickr.com/640/480/fashion?lock=6865778720636928,female,false,,,,,,,,,,,,,,,,,,,,,,,
64d45cd5bcde2e720911134e,shirt,Oriental Rubber Shoes,Nemo officiis dignissimos debitis repudiandae illo placeat quae consequuntur. Adipisci rem vitae excepturi libero rem. Corrupti tempora tempora nihil itaque aspernatur repellendus qui dolorem.,132.36,https://loremflickr.com/640/480/fashion?lock=1961916429762560,female,false,,,,,,,,,,,,,,,,,,,,,,,
64d45cd5bcde2e720911134f,shirt,Bespoke Frozen Chips,Iusto expedita est suscipit. A ut inventore architecto eum beatae natus vel.,143.59,https://loremflickr.com/640/480/fashion?lock=8350060616089600,male,false,,,,,,,,,,,,,,,,,,,,,,,
64d45cd5bcde2e7209111350,shoes,Practical Fresh Pants,Cum est incidunt voluptatum aspernatur neque maxime reiciendis ipsum ea. Doloribus quia nemo adipisci facilis ab accusamus.,146.64,https://loremflickr.com/640/480/fashion?lock=2963457534066688,male,false,,,,,,,,,,,,,,,,,,,,,,,
64d45cd5bcde2e7209111351,shoes,Luxurious Steel Ball,Voluptates dolorem pariatur. Ipsa exercitationem beatae amet.,190.42,https://loremflickr.com/640/480/fashion?lock=5650246998687744,male,false,,,,,,,,,,,,,,,,,,,,,,,
64d45cd5bcde2e7209111352,pants,Oriental Wooden Car,Ipsum soluta in fuga temporibus unde vel. Omnis ipsa vel nobis dolorem alias provident quia.,172.48,https://loremflickr.com/640/480/fashion?lock=8062829600964608,female,false,,,,,,,,,,,,,,,,,,,,,,,
64d45cd5bcde2e7209111353,shirt,Practical Concrete Table,Dolor aspernatur id distinctio quae veritatis id sint ratione. Accusantium suscipit corporis non nihil quidem. Pariatur provident aliquam facere iure quae.,119.36,https://loremflickr.com/640/480/fashion?lock=4133308883533824,female,false,,,,,,,,,,,,,,,,,,,,,,,
64d45cd5bcde2e7209111354,shoes,Fantastic Soft Salad,Pariatur impedit sapiente. Sequi ipsam corrupti iure alias eius error enim magni minus. Architecto voluptate adipisci corporis modi veritatis ea aspernatur animi.,111.06,https://loremflickr.com/640/480/fashion?lock=320771884843008,male,false,,,,,,,,,,,,,,,,,,,,,,,
64d45cd5bcde2e7209111355,shirt,Tasty Soft Chips,Nisi natus id aliquam quidem aspernatur ipsa. Nihil sed ducimus doloribus id. Vitae aspernatur est labore fugit similique.,105.93,https://loremflickr.com/640/480/fashion?lock=3095751009763328,female,false,,,,,,,,,,,,,,,,,,,,,,,
64d45cd5bcde2e7209111356,pants,Gorgeous Concrete Fish,Ipsam nobis temporibus. Alias non assumenda asperiores.,168.14,https://loremflickr.com/640/480/fashion?lock=5733772261588992,male,false,,,,,,,,,,,,,,,,,,,,,,,
64d45cd5bcde2e7209111357,shirt,Handmade Wooden Chips,Perspiciatis rem nesciunt rem provident ipsum ex quidem assumenda.,126.64,https://loremflickr.com/640/480/fashion?lock=8785404509552640,male,false,,,,,,,,,,,,,,,,,,,,,,,
64d45cd5bcde2e7209111358,shirt,Handmade Granite Tuna,Ratione quibusdam quibusdam modi.,111.93,https://loremflickr.com/640/480/fashion?lock=1213186667708416,male,false,,,,,,,,,,,,,,,,,,,,,,,
64d45cd5bcde2e7209111359,pants,Awesome Rubber Mouse,Nesciunt saepe consectetur inventore reiciendis doloremque ex aspernatur magni. Minus eaque natus animi. Magni perferendis delectus atque nisi beatae inventore unde.,177.49,https://loremflickr.com/640/480/fashion?lock=2208053736767488,male,false,,,,,,,,,,,,,,,,,,,,,,,
64d45cd5bcde2e720911135a,shirt,Incredible Frozen Computer,Ab velit odit atque ex accusamus. Accusamus doloremque dolorum quisquam iste soluta beatae voluptates voluptatibus repudiandae.,160.47,https://loremflickr.com/640/480/fashion?lock=4631158966976512,female,false,,,,,,,,,,,,,,,,,,,,,,,
64d45cd5bcde2e720911135b,shoes,Intelligent Steel Hat,Ipsam porro est laboriosam.,157.6,https://loremflickr.com/640/480/fashion?lock=7809950283726848,male,false,,,,,,,,,,,,,,,,,,,,,,,
64d45cd5bcde2e720911135c,shirt,Small Rubber Pizza,Neque saepe fuga maiores incidunt debitis aliquam qui quos. Cum quos voluptates possimus.,199.33,https://loremflickr.com/640/480/fashion?lock=4461690020167680,male,false,,,,,,,,,,,,,,,,,,,,,,,
64d45cd5bcde2e720911135d,shoes,Gorgeous Bronze Towels,Possimus omnis possimus impedit expedita vel. Quisquam doloremque libero tempore reiciendis repellendus quasi. Eum et quas.,157.56,https://loremflickr.com/640/480/fashion?lock=4031541690761216,female,false,,,,,,,,,,,,,,,,,,,,,,,
64d45cd5bcde2e720911135e,pants,Refined Soft Table,Doloribus cumque commodi doloremque deleniti soluta. Iste illum quis amet molestias nam in. Vel voluptas maxime corrupti repellendus vitae voluptate alias aspernatur.,173.51,https://loremflickr.com/640/480/fashion?lock=2609736992161792,female,false,,,,,,,,,,,,,,,,,,,,,,,
64d45cd5bcde2e720911135f,shoes,Intelligent Concrete Fish,Velit atque id cupiditate nemo architecto atque tempora impedit. Enim ea incidunt magnam voluptatem eveniet. Sed voluptates voluptatem.,117.72,https://loremflickr.com/640/480/fashion?lock=7519357955473408,male,false,,,,,,,,,,,,,,,,,,,,,,,
64d45cd5bcde2e7209111360,shoes,Intelligent Concrete Towels,Aliquid cupiditate sequi rem nisi rerum explicabo excepturi necessitatibus facere.,195.15,https://loremflickr.com/640/480/fashion?lock=2083228083027968,female,false,,,,,,,,,,,,,,,,,,,,,,,
64d45cd5bcde2e7209111361,shirt,Elegant Steel Pants,Officia placeat ab laborum neque ipsam placeat.,178.62,https://loremflickr.com/640/480/fashion?lock=870822157746176,male,false,,,,,,,,,,,,,,,,,,,,,,,
64d45cd5bcde2e7209111362,shoes,Fantastic Granite Cheese,Eos qui deleniti. Sapiente eos inventore excepturi ex voluptatibus tempora itaque aliquid.,102.92,https://loremflickr.com/640/480/fashion?lock=3190874192216064,female,false,,,,,,,,,,,,,,,,,,,,,,,
64d45cd5bcde2e7209111363,shirt,Oriental Bronze Shoes,Voluptate facilis amet accusantium minus vero odio. Voluptatem vel ad quis aliquam. Occaecati totam ipsa veritatis totam.,171.21,https://loremflickr.com/640/480/fashion?lock=2504302862008320,female,false,,,,,,,,,,,,,,,,,,,,,,,
64d45cd5bcde2e7209111364,shoes,Recycled Soft Computer,Laboriosam quidem sint commodi autem laudantium.,134.55,https://loremflickr.com/640/480/fashion?lock=8796278836166656,female,false,,,,,,,,,,,,,,,,,,,,,,,
64d45cd5bcde2e7209111365,shirt,Elegant Granite Hat,Sed asperiores iste.,164.41,https://loremflickr.com/640/480/fashion?lock=7508964124131328,male,false,,,,,,,,,,,,,,,,,,,,,,,
64d45cd5bcde2e7209111366,shoes,Unbranded Soft Pants,Mollitia et sunt provident quisquam quisquam quisquam quisquam blanditiis. Cum aliquam consectetur necessitatibus quae quod. Eius at illum.,122.46,https://loremflickr.com/640/480/fashion?lock=2078651409498112,male,false,,,,,,,,,,,,,,,,,,,,,,,
64d45cd5bcde2e7209111367,shirt,Incredible Frozen Car,Deleniti dolor aliquam.,175.91,https://loremflickr.com/640/480/fashion?lock=5091742825054208,male,false,,,,,,,,,,,,,,,,,,,,,,,
64d45cd5bcde2e7209111368,pants,Refined Wooden Car,Impedit amet eius tempore tenetur beatae voluptatum occaecati enim. Sint accusantium commodi.,116.4,https://loremflickr.com/640/480/fashion?lock=2801779045564416,female,false,,,,,,,,,,,,,,,,,,,,,,,
64d45cd5bcde2e7209111369,pants,Intelligent Fresh Tuna,Animi fuga totam alias sed aliquam voluptatem.,192.83,https://loremflickr.com/640/480/fashion?lock=2778470398558208,female,false,,,,,,,,,,,,,,,,,,,,,,,
64d45cd5bcde2e720911136a,shoes,Bespoke Bronze Computer,Blanditiis deleniti sit excepturi. Recusandae eligendi architecto facilis ipsum excepturi cum cum.,188.97,https://loremflickr.com/640/480/fashion?lock=3956188070805504,male,false,,,,,,,,,,,,,,,,,,,,,,,
64d45cd5bcde2e720911136b,shoes,Awesome Fresh Chicken,Harum aspernatur facere nemo deserunt delectus harum. Libero illo rerum nam veritatis ex perferendis. Pariatur odio voluptatum sunt iusto placeat neque pariatur aut.,166.69,https://loremflickr.com/640/480/fashion?lock=5015980734414848,male,false,,,,,,,,,,,,,,,,,,,,,,,
64d45cd5bcde2e720911136c,shirt,Rustic Bronze Bike,Temporibus fuga eius hic. Iste earum in aliquam error est unde quod non molestiae.,160.88,https://loremflickr.com/640/480/fashion?lock=6527364796252160,female,false,,,,,,,,,,,,,,,,,,,,,,,
64d45cd5bcde2e720911136d,shirt,Handmade Steel Cheese,Fuga cum in reiciendis sit magnam ex repellat alias ratione. Nemo quas doloribus corrupti omnis excepturi atque.,145.42,https://loremflickr.com/640/480/fashion?lock=4245834730307584,male,false,,,,,,,,,,,,,,,,,,,,,,,
64d45cd5bcde2e720911136e,pants,Unbranded Plastic Keyboard,Rerum molestiae dolor nobis pariatur mollitia laborum magni neque.,132.29,https://loremflickr.com/640/480/fashion?lock=8874392926814208,male,false,,,,,,,,,,,,,,,,,,,,,,,
64d45cd5bcde2e720911136f,pants,Practical Steel Pizza,Cumque maxime minima. Eius optio perspiciatis. Saepe inventore molestiae iste illum nulla necessitatibus.,197.6,https://loremflickr.com/640/480/fashion?lock=4403610179862528,female,false,,,,,,,,,,,,,,,,,,,,,,,
64d45cd5bcde2e7209111370,shoes,Electronic Rubber Computer,Vero perferendis corrupti excepturi. Maxime harum numquam.,126.15,https://loremflickr.com/640/480/fashion?lock=6227429163008000,female,false,,,,,,,,,,,,,,,,,,,,,,,
64d45cd5bcde2e7209111371,shirt,Oriental Rubber Car,Reiciendis asperiores necessitatibus incidunt. Porro quaerat quos tempora corrupti.,105.78,https://loremflickr.com/640/480/fashion?lock=1538113459453952,male,false,,,,,,,,,,,,,,,,,,,,,,,
64d45cd5bcde2e7209111372,pants,Electronic Steel Chips,Ipsa ex quod sed commodi illo nihil repellendus facere.,171.06,https://loremflickr.com/640/480/fashion?lock=5515477388361728,female,false,,,,,,,,,,,,,,,,,,,,,,,
64d45cd5bcde2e7209111373,shirt,Tasty Bronze Towels,Consectetur repudiandae officia. Quos odit dolores repellendus vitae eligendi.,137.92,https://loremflickr.com/640/480/fashion?lock=4220847910813696,male,false,,,,,,,,,,,,,,,,,,,,,,,
64d45cd5bcde2e7209111374,shoes,Tasty Bronze Salad,Harum accusantium doloremque. Earum unde praesentium ducimus quasi id adipisci nam molestiae alias.,150.73,https://loremflickr.com/640/480/fashion?lock=2434241941995520,female,false,,,,,,,,,,,,,,,,,,,,,,,
64d45cd5bcde2e7209111375,shirt,Handcrafted Bronze Towels,Fugit inventore rem maxime voluptatibus commodi iste. Eligendi qui quam aliquam alias sit eius aut commodi sequi.,143.72,https://loremflickr.com/640/480/fashion?lock=2603561668050944,female,false,,,,,,,,,,,,,,,,,,,,,,,
64d45cd5bcde2e7209111376,shoes,Handmade Plastic Cheese,Explicabo a ad suscipit ex saepe adipisci ipsa tempore. Et repellendus cum unde impedit similique. Corrupti officiis impedit.,198.97,https://loremflickr.com/640/480/fashion?lock=8596800489390080,male,false,,,,,,,,,,,,,,,,,,,,,,,
64d45cd5bcde2e7209111377,shoes,Electronic Frozen Chicken,Earum possimus eius dolor. Deserunt sint dicta nam repellat consequuntur ullam ab aspernatur.,189.79,https://loremflickr.com/640/480/fashion?lock=249278012325888,male,false,,,,,,,,,,,,,,,,,,,,,,,
64d45cd5bcde2e7209111378,pants,Modern Steel Pants,Alias perspiciatis amet quos.,198.18,https://loremflickr.com/640/480/fashion?lock=1890460584902656,female,false,,,,,,,,,,,,,,,,,,,,,,,
64d45cd5bcde2e7209111379,shoes,Gorgeous Steel Hat,Tempora nobis dicta officia omnis ab illo. Eveniet cumque veritatis natus. Modi voluptates dolor velit cumque ratione blanditiis odit.,126.32,https://loremflickr.com/640/480/fashion?lock=2998745482395648,female,false,,,,,,,,,,,,,,,,,,,,,,,
64d45cd5bcde2e720911137a,pants,Intelligent Concrete Hat,Hic repellendus nisi. Inventore quae beatae quas iste.,184.84,https://loremflickr.com/640/480/fashion?lock=6742788108451840,female,false,,,,,,,,,,,,,,,,,,,,,,,
64d45cd5bcde2e720911137b,shoes,Handmade Bronze Computer,Modi necessitatibus sit quam. Dolorum soluta soluta nostrum quae.,161.51,https://loremflickr.com/640/480/fashion?lock=7398589200334848,female,false,,,,,,,,,,,,,,,,,,,,,,,
64d45cd5bcde2e720911137c,shirt,Refined Rubber Sausages,Perspiciatis expedita consectetur consequuntur quos quasi. Incidunt velit autem beatae iste culpa autem.,109.53,https://loremflickr.com/640/480/fashion?lock=1949838400815104,male,false,,,,,,,,,,,,,,,,,,,,,,,
64d45cd5bcde2e720911137d,pants,Oriental Plastic Shirt,Commodi consectetur laborum odit debitis veritatis. Accusantium consectetur sunt reiciendis. Magnam totam repudiandae cupiditate ipsam.,194.18,https://loremflickr.com/640/480/fashion?lock=5527007253233664,male,false,,,,,,,,,,,,,,,,,,,,,,,
64d45cd5bcde2e720911137e,shirt,Oriental Frozen Towels,Maxime doloribus suscipit temporibus perspiciatis nihil quis ipsam numquam. Non magni est velit laboriosam natus.,176.55,https://loremflickr.com/640/480/fashion?lock=3014111440928768,female,false,,,,,,,,,,,,,,,,,,,,,,,
64d45cd5bcde2e720911137f,shirt,Oriental Granite Bacon,Veniam debitis architecto deleniti fugiat nobis dicta. Alias maiores ipsam fugiat animi velit perferendis voluptas. Accusamus sequi exercitationem magnam eaque quaerat dicta totam.,107.6,https://loremflickr.com/640/480/fashion?lock=4188625482809344,female,false,,,,,,,,,,,,,,,,,,,,,,,
64d45cd5bcde2e7209111380,pants,Unbranded Steel Towels,Eaque nobis eligendi maiores hic mollitia. Nulla aliquid eligendi in omnis officiis vel aut.,124.11,https://loremflickr.com/640/480/fashion?lock=828128649805824,male,false,,,,,,,,,,,,,,,,,,,,,,,
64d45cd5bcde2e7209111381,pants,Luxurious Cotton Table,Ea quibusdam cupiditate doloremque quos autem autem. Quos nulla occaecati. Fugit earum ducimus vitae atque reprehenderit alias deserunt quam.,182.53,https://loremflickr.com/640/480/fashion?lock=354383451652096,male,false,,,,,,,,,,,,,,,,,,,,,,,
64d45cd5bcde2e7209111382,shoes,Ergonomic Granite Chair,Quia exercitationem maiores.,142.64,https://loremflickr.com/640/480/fashion?lock=3770349185400832,male,false,,,,,,,,,,,,,,,,,,,,,,,
64d45cd5bcde2e7209111383,shoes,Refined Rubber Mouse,Minima quaerat atque accusamus. Optio illo soluta accusamus exercitationem cupiditate alias cumque pariatur.,186.7,https://loremflickr.com/640/480/fashion?lock=5210061668352,male,false,,,,,,,,,,,,,,,,,,,,,,,
64d45cd5bcde2e7209111384,pants,Incredible Fresh Bike,Asperiores consequatur accusamus distinctio sit minus voluptatem.,134.04,https://loremflickr.com/640/480/fashion?lock=4918816370851840,female,false,,,,,,,,,,,,,,,,,,,,,,,
64d45cd5bcde2e7209111385,shirt,Oriental Plastic Tuna,Dolorem quos ea aliquam rerum commodi aperiam optio quasi perferendis.,199.79,https://loremflickr.com/640/480/fashion?lock=2851952054501376,female,false,,,,,,,,,,,,,,,,,,,,,,,
64d45cd5bcde2e7209111386,pants,Intelligent Metal Salad,Labore dolorum dolorum est sed dolor sequi natus fugit. Blanditiis illum odio omnis minus nihil iste impedit enim at. Illo omnis libero rerum voluptate occaecati laboriosam impedit dolores aut.,153.7,https://loremflickr.com/640/480/fashion?lock=4310380524339200,male,false,,,,,,,,,,,,,,,,,,,,,,,
64d45cd5bcde2e7209111387,shirt,Small Rubber Sausages,Aliquam iste repudiandae repudiandae expedita doloribus recusandae.,156.27,https://loremflickr.com/640/480/fashion?lock=5110986092576768,male,false,,,,,,,,,,,,,,,,,,,,,,,
64d45cd5bcde2e7209111388,shirt,Tasty Wooden Towels,Cupiditate exercitationem dicta inventore delectus vitae.,141.5,https://loremflickr.com/640/480/fashion?lock=1537117475831808,male,false,,,,,,,,,,,,,,,,,,,,,,,
64d45cd5bcde2e7209111389,pants,Refined Cotton Chicken,Iure impedit explicabo minus voluptatum voluptate omnis architecto esse maxime.,121.71,https://loremflickr.com/640/480/fashion?lock=2210949882707968,male,false,,,,,,,,,,,,,,,,,,,,,,,
64d45cd5bcde2e720911138a,shoes,Handcrafted Frozen Chicken,Possimus impedit ab aperiam architecto illo non nisi culpa alias. Maiores eligendi nihil consectetur minus.,145.21,https://loremflickr.com/640/480/fashion?lock=7915683851534336,female,false,,,,,,,,,,,,,,,,,,,,,,,
64d45cd5bcde2e720911138b,pants,Handmade Fresh Car,Provident ea placeat aliquid explicabo. Consequatur fugiat cum velit.,128.97,https://loremflickr.com/640/480/fashion?lock=4785335433166848,male,false,,,,,,,,,,,,,,,,,,,,,,,
64d45cd5bcde2e720911138c,shoes,Electronic Rubber Hat,Soluta itaque iusto ipsum quidem dolorem nemo sequi molestiae. Cum ipsam ratione quaerat reiciendis tenetur delectus dolorem eligendi. Maxime magni odio quisquam.,105.66,https://loremflickr.com/640/480/fashion?lock=7735862808805376,male,false,,,,,,,,,,,,,,,,,,,,,,,
64d45cd5bcde2e720911138d,shirt,Luxurious Rubber Shirt,Fuga sunt pariatur magni consectetur. Id totam tempore occaecati. Exercitationem blanditiis in voluptatibus vero accusamus sunt labore temporibus.,170.08,https://loremflickr.com/640/480/fashion?lock=5884782137311232,female,false,,,,,,,,,,,,,,,,,,,,,,,
64d45cd5bcde2e720911138e,shirt,Oriental Bronze Sausages,Facilis inventore nemo quaerat ipsam repudiandae ut et quam. Quibusdam illo ad corporis maiores quis delectus nesciunt sequi.,118.13,https://loremflickr.com/640/480/fashion?lock=2412979955957760,male,false,,,,,,,,,,,,,,,,,,,,,,,
64d45cd5bcde2e720911138f,shoes,Tasty Metal Chair,Dolore quia minima possimus. Sapiente provident dolorum vitae neque odit reprehenderit et. Earum illum sed.,163.86,https://loremflickr.com/640/480/fashion?lock=5188867395158016,female,false,,,,,,,,,,,,,,,,,,,,,,,
64d45cd5bcde2e7209111390,shoes,Refined Steel Sausages,Blanditiis doloribus harum quos.,187.38,https://loremflickr.com/640/480/fashion?lock=7525906918670336,female,false,,,,,,,,,,,,,,,,,,,,,,,
64d45cd5bcde2e7209111391,shirt,Luxurious Cotton Computer,Quos esse nostrum rerum veritatis deleniti ea error. Laudantium consectetur id illo est omnis ipsam consectetur molestiae nam.,102.67,https://loremflickr.com/640/480/fashion?lock=5643041811464192,female,false,,,,,,,,,,,,,,,,,,,,,,,
64d45cd5bcde2e7209111392,shirt,Handcrafted Granite Fish,Ratione perferendis cumque iste illum eos asperiores a harum. Dicta laudantium consequuntur vel odit hic illo distinctio. Occaecati quo iste quae similique delectus.,192.64,https://loremflickr.com/640/480/fashion?lock=6238249781559296,male,false,,,,,,,,,,,,,,,,,,,,,,,
64d45cd5bcde2e7209111393,shirt,Licensed Granite Bacon,Unde ad tempore voluptatem. Libero fuga ea quo assumenda odit dolorem. Hic reiciendis doloremque perspiciatis dignissimos.,131.38,https://loremflickr.com/640/480/fashion?lock=5336841003728896,female,false,,,,,,,,,,,,,,,,,,,,,,,
64d45cd5bcde2e7209111394,shoes,Licensed Frozen Sausages,Asperiores earum consequuntur tenetur neque aut occaecati ab. Quos possimus doloribus adipisci rerum rem quaerat. Dolore aperiam vitae repellendus eveniet nisi iste.,195.89,https://loremflickr.com/640/480/fashion?lock=2200037178212352,female,false,,,,,,,,,,,,,,,,,,,,,,,
64d45cd5bcde2e7209111395,shirt,Licensed Bronze Soap,Minus ipsum ad tempora.,158.41,https://loremflickr.com/640/480/fashion?lock=4474310259376128,female,false,,,,,,,,,,,,,,,,,,,,,,,
64d45cd5bcde2e7209111396,shirt,Refined Bronze Keyboard,Nulla perspiciatis itaque asperiores quibusdam minus officiis cupiditate pariatur. Voluptates laboriosam ducimus voluptas tempore perspiciatis a minus cum assumenda. Perspiciatis ipsa at deleniti incidunt quia occaecati enim.,163.07,https://loremflickr.com/640/480/fashion?lock=1830876230975488,female,false,,,,,,,,,,,,,,,,,,,,,,,
64d45cd5bcde2e7209111397,shirt,Recycled Wooden Shirt,Unde odit sequi incidunt itaque laudantium.,150.8,https://loremflickr.com/640/480/fashion?lock=4630851948118016,female,false,,,,,,,,,,,,,,,,,,,,,,,
64d45cd5bcde2e7209111398,pants,Licensed Wooden Shoes,Earum assumenda deserunt.,191.56,https://loremflickr.com/640/480/fashion?lock=6470262249750528,female,false,,,,,,,,,,,,,,,,,,,,,,,
64d45cd5bcde2e7209111399,pants,Fantastic Concrete Soap,Consectetur porro debitis repellat tempore blanditiis delectus. Distinctio vero id.,178.74,https://loremflickr.com/640/480/fashion?lock=8173766655868928,male,false,,,,,,,,,,,,,,,,,,,,,,,
64d45cd5bcde2e720911139a,shirt,Generic Frozen Keyboard,Velit possimus tenetur minus mollitia voluptatibus quam tempore. Voluptatum voluptatem id omnis. Magnam tempore magnam vitae officiis quidem soluta tenetur in.,184.48,https://loremflickr.com/640/480/fashion?lock=4920950243983360,male,false,,,,,,,,,,,,,,,,,,,,,,,
64d45cd5bcde2e720911139b,shirt,Handmade Plastic Ball,Provident molestias dignissimos ducimus magnam unde. Vero dolorem nisi voluptates accusamus perferendis modi qui. Quo beatae pariatur ad dolores quis eum nihil vel.,158.69,https://loremflickr.com/640/480/fashion?lock=3531445557526528,male,false,,,,,,,,,,,,,,,,,,,,,,,
64d45cd5bcde2e720911139c,shirt,Modern Metal Keyboard,Id id vitae dolorum sunt a suscipit eaque nihil aspernatur.,145.13,https://loremflickr.com/640/480/fashion?lock=5363634112823296,female,false,,,,,,,,,,,,,,,,,,,,,,,
64d45cd5bcde2e720911139d,pants,Practical Granite Shirt,Beatae perspiciatis dicta repellat fuga cupiditate voluptatum. Asperiores officiis voluptatibus. Delectus nobis incidunt laudantium enim.,161.95,https://loremflickr.com/640/480/fashion?lock=2674825401204736,female,false,,,,,,,,,,,,,,,,,,,,,,,
64d45cd5bcde2e720911139e,shoes,Awesome Rubber Cheese,Assumenda unde maiores deserunt sed delectus dignissimos cupiditate soluta quaerat.,166.19,https://loremflickr.com/640/480/fashion?lock=195507200720896,male,false,,,,,,,,,,,,,,,,,,,,,,,
64d45cd5bcde2e720911139f,shirt,Rustic Fresh Computer,Ullam minus sapiente incidunt fuga repudiandae. Aliquid recusandae excepturi architecto facilis in. Natus corporis temporibus quos voluptatem.,105.64,https://loremflickr.com/640/480/fashion?lock=19743310348288,female,false,,,,,,,,,,,,,,,,,,,,,,,
64d45cd5bcde2e72091113a0,pants,Handcrafted Fresh Table,Repellendus eos voluptas ratione magnam rerum animi tempora vitae. Pariatur repudiandae incidunt libero saepe officia atque consequatur.,109.66,https://loremflickr.com/640/480/fashion?lock=4271124166737920,male,false,,,,,,,,,,,,,,,,,,,,,,,
64d45cd5bcde2e72091113a1,shirt,Small Cotton Cheese,Laboriosam deleniti nisi assumenda tempore reiciendis facilis aperiam. Hic aperiam sit. Iste rem eos explicabo quas quidem velit debitis.,180.59,https://loremflickr.com/640/480/fashion?lock=905838029963264,female,false,,,,,,,,,,,,,,,,,,,,,,,
64d45cd5bcde2e72091113a2,shirt,Unbranded Metal Bike,Eligendi tenetur quae dolor.,131.96,https://loremflickr.com/640/480/fashion?lock=5427458710962176,male,false,,,,,,,,,,,,,,,,,,,,,,,
64d45cd5bcde2e72091113a3,shirt,Oriental Bronze Pizza,Possimus totam numquam placeat doloremque sit reiciendis atque praesentium inventore.,142.75,https://loremflickr.com/640/480/fashion?lock=8934978706472960,female,false,,,,,,,,,,,,,,,,,,,,,,,
64d45cd5bcde2e72091113a4,shirt,Awesome Bronze Cheese,Quis cupiditate recusandae quo dolorem vel saepe.,124.42,https://loremflickr.com/640/480/fashion?lock=2010682157432832,male,false,,,,,,,,,,,,,,,,,,,,,,,
64d45cd5bcde2e72091113a5,pants,Unbranded Soft Fish,Perspiciatis dolorum consectetur animi magni magnam quis. Dolore non sint amet reprehenderit quaerat deleniti maiores explicabo veritatis.,176.88,https://loremflickr.com/640/480/fashion?lock=4916495341584384,female,false,,,,,,,,,,,,,,,,,,,,,,,
64d45cd5bcde2e72091113a6,pants,Generic Bronze Gloves,Possimus officiis veritatis et magni accusamus eos ipsum ipsum. Repudiandae quisquam earum. Adipisci commodi repellendus harum.,118.59,https://loremflickr.com/640/480/fashion?lock=5469966283309056,male,false,,,,,,,,,,,,,,,,,,,,,,,
64d45cd5bcde2e72091113a7,shoes,Unbranded Cotton Fish,Adipisci debitis perspiciatis tempore placeat possimus sed.,161.34,https://loremflickr.com/640/480/fashion?lock=6902408923840512,female,false,,,,,,,,,,,,,,,,,,,,,,,
64d45cd5bcde2e72091113a8,shirt,Electronic Rubber Shirt,Quod sed quas inventore fuga neque doloribus animi eligendi vitae. Magnam optio vitae.,183.8,https://loremflickr.com/640/480/fashion?lock=2359680078708736,male,false,,,,,,,,,,,,,,,,,,,,,,,
64d45cd5bcde2e72091113a9,pants,Practical Rubber Chicken,Sed commodi adipisci recusandae labore consequuntur qui facilis officia ducimus. Id sapiente cumque recusandae consequatur.,108.3,https://loremflickr.com/640/480/fashion?lock=7337239346413568,male,false,,,,,,,,,,,,,,,,,,,,,,,
64d45cd5bcde2e72091113aa,shoes,Electronic Plastic Shirt,Debitis eum ullam ipsa.,161.42,https://loremflickr.com/640/480/fashion?lock=6142222332329984,female,false,,,,,,,,,,,,,,,,,,,,,,,
64d45cd5bcde2e72091113ab,pants,Elegant Bronze Pizza,Culpa blanditiis expedita voluptas a dolorum. Inventore vero beatae nobis quae saepe asperiores aliquam autem. Praesentium libero doloribus voluptas ipsa.,154.43,https://loremflickr.com/640/480/fashion?lock=7140062152097792,male,false,,,,,,,,,,,,,,,,,,,,,,,
64d45cd5bcde2e72091113ac,shirt,Elegant Wooden Bacon,Aspernatur minus maxime asperiores reprehenderit hic ratione molestias voluptatem nobis. Sed quae delectus aliquid.,193.12,https://loremflickr.com/640/480/fashion?lock=4839050192093184,male,false,,,,,,,,,,,,,,,,,,,,,,,
64d45cd5bcde2e72091113ad,pants,Electronic Wooden Shirt,Voluptate illum aut pariatur explicabo.,133.87,https://loremflickr.com/640/480/fashion?lock=3187548677472256,female,false,,,,,,,,,,,,,,,,,,,,,,,
64d45cd5bcde2e72091113ae,pants,Bespoke Bronze Gloves,Quod quaerat quos vel ipsa deserunt ipsum quod. Inventore neque ipsa.,110.76,https://loremflickr.com/640/480/fashion?lock=2702836102070272,female,false,,,,,,,,,,,,,,,,,,,,,,,
64d45cd5bcde2e72091113af,shirt,Electronic Cotton Soap,Commodi optio corporis tempore consequatur architecto ipsum esse accusamus. Placeat iste labore ad eveniet aspernatur. Laboriosam accusantium quis voluptatibus quo.,180.37,https://loremflickr.com/640/480/fashion?lock=3523577699631104,male,false,,,,,,,,,,,,,,,,,,,,,,,
64d45cd5bcde2e72091113b0,shirt,Gorgeous Plastic Hat,Repellendus laborum cupiditate dolor et expedita. Eos a error excepturi ipsam facilis nihil blanditiis.,167.15,https://loremflickr.com/640/480/fashion?lock=8526414743601152,male,false,,,,,,,,,,,,,,,,,,,,,,,
64d45cd5bcde2e72091113b1,shirt,Licensed Steel Chair,Quis itaque delectus inventore quisquam praesentium ipsum magnam excepturi accusamus.,133.35,https://loremflickr.com/640/480/fashion?lock=6141981193404416,male,false,,,,,,,,,,,,,,,,,,,,,,,
64d45cd5bcde2e72091113b2,shoes,Fantastic Fresh Chair,Quo officiis alias doloribus laudantium nemo animi. Sit cum dignissimos fuga aliquid dignissimos.,192.27,https://loremflickr.com/640/480/fashion?lock=2409323093295104,male,false,,,,,,,,,,,,,,,,,,,,,,,
64d45cd5bcde2e72091113b3,shoes,Electronic Bronze Soap,Est nesciunt soluta.,155.02,https://loremflickr.com/640/480/fashion?lock=1518529348108288,male,false,,,,,,,,,,,,,,,,,,,,,,,
64d45cd5bcde2e72091113b4,shoes,Licensed Cotton Salad,Labore nisi pariatur quia quo incidunt saepe.,172.7,https://loremflickr.com/640/480/fashion?lock=8895085586415616,female,false,,,,,,,,,,,,,,,,,,,,,,,
64d45cd5bcde2e72091113b5,pants,Handcrafted Concrete Pants,Vero nihil soluta dolor blanditiis. Consectetur dolore nam.,190.32,https://loremflickr.com/640/480/fashion?lock=6372152487968768,male,false,,,,,,,,,,,,,,,,,,,,,,,
64d45cd5bcde2e72091113b6,pants,Small Steel Pants,Amet doloribus tenetur in natus qui cum sequi soluta. Voluptates animi atque quaerat at eum aspernatur nam labore sapiente.,104.15,https://loremflickr.com/640/480/fashion?lock=24326940131328,female,false,,,,,,,,,,,,,,,,,,,,,,,
64d45cd5bcde2e72091113b7,shirt,Handmade Soft Car,Earum laboriosam ullam praesentium totam.,144.23,https://loremflickr.com/640/480/fashion?lock=140322900279296,male,false,,,,,,,,,,,,,,,,,,,,,,,
64d45cd5bcde2e72091113b8,pants,Fantastic Rubber Shoes,Inventore cupiditate voluptatum voluptatibus beatae nesciunt aperiam alias accusantium. Non perferendis quidem quia maxime amet voluptas culpa sapiente.,110.74,https://loremflickr.com/640/480/fashion?lock=5953192667906048,female,false,,,,,,,,,,,,,,,,,,,,,,,
64d45cd5bcde2e72091113b9,pants,Generic Bronze Sausages,Ducimus placeat porro consectetur rem. Quasi incidunt blanditiis.,121.22,https://loremflickr.com/640/480/fashion?lock=3437375514476544,female,false,,,,,,,,,,,,,,,,,,,,,,,
64d45cd5bcde2e72091113ba,pants,Unbranded Soft Sausages,Similique sint eaque maiores sint dolor perspiciatis nemo quibusdam. Fugit ullam nam ipsam. Repellat harum iure nihil.,144.78,https://loremflickr.com/640/480/fashion?lock=4762843431829504,female,false,,,,,,,,,,,,,,,,,,,,,,,
64d45cd5bcde2e72091113bb,pants,Recycled Wooden Chicken,Quisquam id vitae nemo. Excepturi nam iusto.,157.41,https://loremflickr.com/640/480/fashion?lock=2195186654380032,female,false,,,,,,,,,,,,,,,,,,,,,,,
64d45cd5bcde2e72091113bc,shirt,Oriental Frozen Ball,Earum optio aut officia doloremque. Ea porro inventore. Tempore commodi alias.,108.97,https://loremflickr.com/640/480/fashion?lock=8339718875906048,female,false,,,,,,,,,,,,,,,,,,,,,,,
64d45cd5bcde2e72091113bd,shirt,Refined Fresh Chips,Magni tenetur rem quisquam aut soluta consectetur consequuntur est. Maiores nesciunt ea a neque nisi doloribus dicta aliquam vel. Esse quos quidem odit laudantium quos.,131.46,https://loremflickr.com/640/480/fashion?lock=2314372145741824,male,false,,,,,,,,,,,,,,,,,,,,,,,
64d45cd5bcde2e72091113be,shoes,Licensed Rubber Tuna,Corrupti aut enim porro praesentium quidem autem nostrum earum. Quod repellat distinctio ducimus ea facere ducimus.,160.38,https://loremflickr.com/640/480/fashion?lock=8431733678538752,male,false,,,,,,,,,,,,,,,,,,,,,,,
64d45cd5bcde2e72091113bf,shirt,Intelligent Bronze Table,Nemo distinctio fugiat natus corporis minima. Iure ut deserunt temporibus provident quaerat.,193.56,https://loremflickr.com/640/480/fashion?lock=8879442396971008,female,false,,,,,,,,,,,,,,,,,,,,,,,
64d45cd5bcde2e72091113c0,pants,Awesome Rubber Ball,Placeat praesentium reiciendis odit maxime eius voluptate.,170.33,https://loremflickr.com/640/480/fashion?lock=5892798995759104,male,false,,,,,,,,,,,,,,,,,,,,,,,
64d45cd5bcde2e72091113c1,pants,Small Fresh Table,Magni culpa assumenda rerum perferendis quasi. Dignissimos consequatur error velit ea consequatur iste laboriosam temporibus ut.,153.05,https://loremflickr.com/640/480/fashion?lock=5861805536575488,female,false,,,,,,,,,,,,,,,,,,,,,,,
64d45cd5bcde2e72091113c2,shoes,Practical Rubber Bacon,Repudiandae enim facilis saepe qui nostrum doloremque vitae tempora neque.,106.32,https://loremflickr.com/640/480/fashion?lock=806835244236800,female,false,,,,,,,,,,,,,,,,,,,,,,,
64d45cd5bcde2e72091113c3,pants,Handcrafted Metal Chair,Sit quasi quae in. Provident ea beatae cupiditate nostrum dicta ad quibusdam eum officia.,170.64,https://loremflickr.com/640/480/fashion?lock=3341379210051584,female,false,,,,,,,,,,,,,,,,,,,,,,,
64d45cd5bcde2e72091113c4,shoes,Fantastic Steel Bike,Rerum reiciendis repellendus ipsam deserunt. Commodi vero repellendus a libero maxime nobis voluptatum. Fuga nihil sint nihil ex omnis.,103.79,https://loremflickr.com/640/480/fashion?lock=4324850449514496,male,false,,,,,,,,,,,,,,,,,,,,,,,
64d45cd5bcde2e72091113c5,pants,Incredible Frozen Car,Vero repellat consectetur quisquam aperiam dolorum quia sit ipsam. Quis quidem ea accusamus qui veniam nesciunt esse excepturi enim. Mollitia fugit doloremque tempore consequatur eius asperiores vero sapiente.,129.66,https://loremflickr.com/640/480/fashion?lock=1448670146854912,female,false,,,,,,,,,,,,,,,,,,,,,,,
64d45cd5bcde2e72091113c6,shoes,Oriental Steel Soap,Illum placeat et temporibus. Tenetur ut voluptatum dolorum beatae numquam blanditiis odit dicta. Assumenda reprehenderit labore laborum blanditiis a expedita.,135.53,https://loremflickr.com/640/480/fashion?lock=4680571632484352,male,false,,,,,,,,,,,,,,,,,,,,,,,
64d45cd5bcde2e72091113c7,pants,Intelligent Wooden Tuna,Illum alias quam aut cupiditate iste dolore dolorem quisquam vel.,140.3,https://loremflickr.com/640/480/fashion?lock=8003667762348032,male,false,,,,,,,,,,,,,,,,,,,,,,,
64d45cd5bcde2e72091113c8,shoes,Practical Steel Fish,Doloremque repellendus quis.,136.61,https://loremflickr.com/640/480/fashion?lock=6026315704565760,female,false,,,,,,,,,,,,,,,,,,,,,,,
64d45cd5bcde2e72091113c9,pants,Fantastic Steel Fish,Quisquam assumenda optio tempora quaerat nobis voluptas.,153.04,https://loremflickr.com/640/480/fashion?lock=889865354870784,male,false,,,,,,,,,,,,,,,,,,,,,,,
64d45cd5bcde2e72091113ca,shoes,Bespoke Rubber Keyboard,Consequatur consequuntur sit. Beatae fugit similique odit doloribus voluptatibus placeat saepe. Similique fugit autem odio laudantium.,188.29,https://loremflickr.com/640/480/fashion?lock=2432955901280256,male,false,,,,,,,,,,,,,,,,,,,,,,,
64d45cd5bcde2e72091113cb,pants,Gorgeous Frozen Fish,Praesentium dolorum hic corrupti nam aperiam.,186.44,https://loremflickr.com/640/480/fashion?lock=2320883360202752,male,false,,,,,,,,,,,,,,,,,,,,,,,
64d45cd5bcde2e72091113cc,shirt,Luxurious Frozen Pants,Tenetur minima eligendi ex minus accusamus magni officia nihil excepturi. Odit aliquid rerum delectus debitis eos ipsa aspernatur. Odio molestiae labore alias aliquid deleniti sit numquam.,114.61,https://loremflickr.com/640/480/fashion?lock=6496868819271680,male,false,,,,,,,,,,,,,,,,,,,,,,,
64d45cd5bcde2e72091113cd,pants,Incredible Bronze Mouse,Saepe earum id. Accusantium ipsam non illum temporibus nulla perferendis ratione atque. Qui ea quo.,195.74,https://loremflickr.com/640/480/fashion?lock=6411262535663616,male,false,,,,,,,,,,,,,,,,,,,,,,,
64d45cd5bcde2e72091113ce,shirt,Luxurious Concrete Tuna,Laudantium sint necessitatibus voluptas.,176.59,https://loremflickr.com/640/480/fashion?lock=7602767979872256,male,false,,,,,,,,,,,,,,,,,,,,,,,
64d45cd5bcde2e72091113cf,shirt,Sleek Granite Hat,Dolorem et nisi occaecati molestiae culpa accusantium sit distinctio. Quos aut repellat fuga non voluptatem.,131.44,https://loremflickr.com/640/480/fashion?lock=1575685063704576,male,false,,,,,,,,,,,,,,,,,,,,,,,
64d45cd5bcde2e72091113d0,pants,Gorgeous Granite Shirt,Architecto sapiente illo tempora perspiciatis minus eligendi.,165.21,https://loremflickr.com/640/480/fashion?lock=5063641091014656,female,false,,,,,,,,,,,,,,,,,,,,,,,
64d45cd5bcde2e72091113d1,shoes,Unbranded Steel Shirt,Modi nesciunt tempore quisquam nemo natus fugiat provident deleniti. Quas magni officiis non deserunt incidunt fugit dolores veritatis. Quasi exercitationem officiis facilis nobis harum dolorum quisquam minus.,112.26,https://loremflickr.com/640/480/fashion?lock=2049832260730880,male,false,,,,,,,,,,,,,,,,,,,,,,,
64d45cd5bcde2e72091113d2,shoes,Sleek Fresh Cheese,Rem atque voluptatibus pariatur ducimus rerum alias ex quia. Optio sapiente repellendus. Nemo molestiae modi hic harum.,103.94,https://loremflickr.com/640/480/fashion?lock=556029106454528,female,false,,,,,,,,,,,,,,,,,,,,,,,
64d45cd5bcde2e72091113d3,shoes,Electronic Metal Computer,Consequuntur consequatur consequuntur in corporis qui iste temporibus quis.,169.04,https://loremflickr.com/640/480/fashion?lock=1135514121928704,female,false,,,,,,,,,,,,,,,,,,,,,,,
64d45cd5bcde2e72091113d4,pants,Refined Plastic Table,Omnis ipsam atque at eveniet velit explicabo est nisi. Sint alias dolorem alias veritatis vero quis aut id dolores. Facilis odio hic porro.,105.33,https://loremflickr.com/640/480/fashion?lock=4008953046368256,female,false,,,,,,,,,,,,,,,,,,,,,,,
64d45cd5bcde2e72091113d5,shirt,Handcrafted Concrete Car,Impedit corporis veritatis adipisci.,145.75,https://loremflickr.com/640/480/fashion?lock=57361926455296,male,false,,,,,,,,,,,,,,,,,,,,,,,
64d45cd5bcde2e72091113d6,shirt,Electronic Steel Shoes,Qui rerum harum expedita quos tempore. Doloribus consequuntur sunt saepe quos quaerat voluptatibus dolorem.,123.23,https://loremflickr.com/640/480/fashion?lock=4739561357836288,female,false,,,,,,,,,,,,,,,,,,,,,,,
64d45cd5bcde2e72091113d7,pants,Ergonomic Cotton Salad,Officia quos maxime velit placeat magnam earum quasi. Minima neque libero cupiditate magni dolore tenetur sed. Consequatur dolorum voluptates excepturi aspernatur veritatis.,188.86,https://loremflickr.com/640/480/fashion?lock=2946311261257728,female,false,,,,,,,,,,,,,,,,,,,,,,,
64d45cd5bcde2e72091113d8,pants,Gorgeous Bronze Pants,Atque soluta cupiditate rem exercitationem dicta. Iusto tenetur impedit vero. Consectetur optio itaque necessitatibus.,110.73,https://loremflickr.com/640/480/fashion?lock=5663655200817152,female,false,,,,,,,,,,,,,,,,,,,,,,,
64d45cd5bcde2e72091113d9,shirt,Recycled Wooden Gloves,Exercitationem perferendis doloribus voluptas doloremque est.,197.56,https://loremflickr.com/640/480/fashion?lock=7770955128504320,female,false,,,,,,,,,,,,,,,,,,,,,,,
64d45cd5bcde2e72091113da,pants,Ergonomic Cotton Keyboard,Distinctio reiciendis enim ipsum quae qui pariatur magni. Occaecati rerum nisi quibusdam veritatis animi corporis occaecati atque quidem. Minus aliquid consequatur enim ducimus velit doloremque illum.,197.85,https://loremflickr.com/640/480/fashion?lock=5272238179745792,female,false,,,,,,,,,,,,,,,,,,,,,,,
64d45cd5bcde2e72091113db,shoes,Small Frozen Salad,Eaque doloribus esse ab. Eaque ad totam commodi totam minus facilis inventore autem.,154.84,https://loremflickr.com/640/480/fashion?lock=7627686008586240,male,false,,,,,,,,,,,,,,,,,,,,,,,
64d45cd5bcde2e72091113dc,shirt,Unbranded Granite Salad,Rem minus iusto optio natus laboriosam praesentium.,120.21,https://loremflickr.com/640/480/fashion?lock=3260374598025216,female,false,,,,,,,,,,,,,,,,,,,,,,,
64d5a449409deabd3fb807e8,,luc,luc,123,,,true,2023-08-11T03:00:48.427Z,2023-08-11T03:00:25.425Z,0,,,,,,,,,,,,,,,,,,,,
64d5a57d409deabd3fb80808,,bbb,bbb,222,https://res.cloudinary.com/dr4uslxhx/image/upload/v1691949639/jmkwuj4ta5czjskkjfmv.jpg,,false,2023-08-13T18:00:39.777Z,2023-08-11T03:05:33.045Z,0,,,,,,,,,,,,,,,,,,,,
64d5afa983dbb40037e9383e,,aaa,aaa,111,,,true,2023-08-13T17:52:04.202Z,2023-08-11T03:48:57.362Z,0,,,,,,,,,,,,,,,,,,,,
64d844ace188324d3025bed9,,aaa,luc vo,2,https://res.cloudinary.com/dr4uslxhx/image/upload/v1691949949/d6qqmokvhmlm7kp8xd05.jpg,,false,2023-08-13T18:05:49.486Z,2023-08-13T02:49:16.340Z,0,,,,,,,,,,,,,,,,,,,,
64d845ece188324d3025beec,,a,a,1,https://res.cloudinary.com/dr4uslxhx/image/upload/v1691949208/ij72p4yxhwditlkmgneu.jpg,,true,2023-08-13T17:54:07.792Z,2023-08-13T02:54:36.292Z,0,,,,,,,,,,,,,,,,,,,,
64d84693e188324d3025befb,,a,a,1,,,true,2023-08-13T17:42:52.552Z,2023-08-13T02:57:23.120Z,0,,,,,,,,,,,,,,,,,,,,
64d846ebe188324d3025bf0c,,qweqwe,wqeqweq,1,,,true,2023-08-13T17:49:51.890Z,2023-08-13T02:58:51.617Z,0,,,,,,,,,,,,,,,,,,,,
64d8474e992eca60e0d8efd1,,adsfs,sdfasdf,121,,,true,2023-08-13T17:49:12.610Z,2023-08-13T03:00:30.632Z,0,,,,,,,,,,,,,,,,,,,,
64d8477f992eca60e0d8efe0,,asdf,asdfasf,1231,,,true,2023-08-13T17:22:25.972Z,2023-08-13T03:01:19.745Z,0,,,,,,,,,,,,,,,,,,,,
64d8497671190146a077df83,,aaa,asdad,2,,,true,2023-08-13T17:49:47.349Z,2023-08-13T03:09:42.770Z,0,96c6a89b9290bf9d8f57e956f043bf8f,a964cgjt24bch1czccab,1691896182,7d1850ba7a0caa24f88d0168ac3e5532,790f9f52185aaa15e04f38876910116d2ed005d2,2000,2000,jpg,image,2023-08-13T03:09:42Z,521417,upload,214a3e81d018153f4e3c91e8bfa558de,false,http://res.cloudinary.com/dr4uslxhx/image/upload/v1691896182/a964cgjt24bch1czccab.jpg,https://res.cloudinary.com/dr4uslxhx/image/upload/v1691896182/a964cgjt24bch1czccab.jpg,,public,16918961816703204121,352222128234523
64d849be71190146a077df90,,dddd,dddd,1,,,true,2023-08-13T03:13:26.959Z,2023-08-13T03:10:54.043Z,0,ecd9cfbae1d4e3cb348e99459d209cb8,uobj59whsry02iy91pqf,1691896253,264d689b3f498c2850977afb894977d9,250d3237491703e13fa19f8862d0fe8f2a51b5db,2000,2000,jpg,image,2023-08-13T03:10:53Z,521417,upload,214a3e81d018153f4e3c91e8bfa558de,false,http://res.cloudinary.com/dr4uslxhx/image/upload/v1691896253/uobj59whsry02iy91pqf.jpg,https://res.cloudinary.com/dr4uslxhx/image/upload/v1691896253/uobj59whsry02iy91pqf.jpg,,public,16918962530713204121,352222128234523
64d84a3cf62072f378b730a7,,luc,h,1,https://res.cloudinary.com/dr4uslxhx/image/upload/v1691946112/cdnas7pnsxv4vdk1frvo.png,,true,2023-08-13T17:50:51.921Z,2023-08-13T03:13:00.895Z,0,,,,,,,,,,,,,,,,,,,,
64d90201f62072f378b730b5,,q,q,222,http://res.cloudinary.com/dr4uslxhx/image/upload/v1691943425/hme5k0eztvazxpjs9uza.jpg,,true,2023-08-13T17:42:16.044Z,2023-08-13T16:17:05.359Z,0,,,,,,,,,,,,,,,,,,,,
64d905111aab1a5f6960850f,,1,1,111,https://res.cloudinary.com/dr4uslxhx/image/upload/v1691946060/dynpul0ihjwcysgne8gd.jpg,,true,2023-08-13T17:50:38.884Z,2023-08-13T16:30:09.906Z,0,,,,,,,,,,,,,,,,,,,,
64d90e212a1236cb702da586,,newww,new,222,https://res.cloudinary.com/dr4uslxhx/image/upload/v1691948170/pethne4jbwej85iua47o.jpg,,true,2023-08-13T17:45:42.088Z,2023-08-13T17:08:49.321Z,0,,,,,,,,,,,,,,,,,,,,
