id,gender,category,name,image,description,price
39386,Men,Jeans,Peter England Men Party Blue Jeans,http://assets.myntassets.com/v1/images/style/properties/4850873d0c417e6480a26059f83aac29_images.jpg,Aliquam blanditiis harum illum delectus enim. Maxime ex laborum nostrum placeat dolorum id earum non. Reprehenderit cupiditate quod aperiam.,137.29
26994,Women,Jeans,Jealous 21 Women Black Jeans,http://assets.myntassets.com/v1/images/style/properties/Jealous-21-Women-Black-Jeans_6c38590b2ec56b444a760aa56a8ef7e9_images.jpg,Aliquam blanditiis harum illum delectus enim. Maxime ex laborum nostrum placeat dolorum id earum non. Reprehenderit cupiditate quod aperiam.,133.41
7193,Women,Jeans,Jealous 21 Women Black Jegging,http://assets.myntassets.com/v1/images/style/properties/054b93509e888e996ba7b12b554870e3_images.jpg,Aliquam blanditiis harum illum delectus enim. Maxime ex laborum nostrum placeat dolorum id earum non. Reprehenderit cupiditate quod aperiam.,104.09
40371,Women,Jeans,Tokyo Talkies Women Navy Slim Fit Jeans,http://assets.myntassets.com/v1/images/style/properties/a6ea6713bae041ef4f62d3612586d1ef_images.jpg,Aliquam blanditiis harum illum delectus enim. Maxime ex laborum nostrum placeat dolorum id earum non. Reprehenderit cupiditate quod aperiam.,106.34
16508,Men,Jeans,Locomotive Men Washed Blue Jeans,http://assets.myntassets.com/v1/images/style/properties/6cb6a14583b044dca0a0bd9efc2fc4c7_images.jpg,Aliquam blanditiis harum illum delectus enim. Maxime ex laborum nostrum placeat dolorum id earum non. Reprehenderit cupiditate quod aperiam.,165.93
26993,Women,Jeans,Jealous 21 Women Washed Blue Jeans,http://assets.myntassets.com/v1/images/style/properties/6220c2b37ad0a42be62fb92b1d6c7e14_images.jpg,Aliquam blanditiis harum illum delectus enim. Maxime ex laborum nostrum placeat dolorum id earum non. Reprehenderit cupiditate quod aperiam.,195.3
51499,Women,Jeans,Denizen Women Blue Jeans,http://assets.myntassets.com/v1/images/style/properties/689197cf54631e679c2db7ec742a6e09_images.jpg,Aliquam blanditiis harum illum delectus enim. Maxime ex laborum nostrum placeat dolorum id earum non. Reprehenderit cupiditate quod aperiam.,151.89
7709,Women,Jeans,Jealous 21 Women's Aaren Black Jegging,http://assets.myntassets.com/v1/images/style/properties/dc428dc4301332468e7c6f8070c8f06b_images.jpg,Aliquam blanditiis harum illum delectus enim. Maxime ex laborum nostrum placeat dolorum id earum non. Reprehenderit cupiditate quod aperiam.,145.56
11349,Men,Jeans,Lee Men Blue Chicago Fit Jeans,http://assets.myntassets.com/v1/images/style/properties/cd76a36fca88fe74d1d25ee7fd96881a_images.jpg,Aliquam blanditiis harum illum delectus enim. Maxime ex laborum nostrum placeat dolorum id earum non. Reprehenderit cupiditate quod aperiam.,184.53
39381,Men,Jeans,Peter England Men Party Black Jeans,http://assets.myntassets.com/v1/images/style/properties/78bf924de236777a9bc6662b076449e4_images.jpg,Aliquam blanditiis harum illum delectus enim. Maxime ex laborum nostrum placeat dolorum id earum non. Reprehenderit cupiditate quod aperiam.,160.28
11520,Women,Jeans,United Colors of Benetton Women Denim Black Jeans,http://assets.myntassets.com/v1/images/style/properties/5c145f1074d79ebf9aff413ccfe6e910_images.jpg,Aliquam blanditiis harum illum delectus enim. Maxime ex laborum nostrum placeat dolorum id earum non. Reprehenderit cupiditate quod aperiam.,102.56
11340,Men,Jeans,Lee Men Blue Chicago Fit Jeans,http://assets.myntassets.com/v1/images/style/properties/Lee-Men-Blue-Chicago-Fit-Jeans_856f3829ad838d43c45db753f5479abd_images.jpg,Aliquam blanditiis harum illum delectus enim. Maxime ex laborum nostrum placeat dolorum id earum non. Reprehenderit cupiditate quod aperiam.,174.19
16191,Men,Tshirts,Puma Men Graphic White TShirt,http://assets.myntassets.com/v1/images/style/properties/9a3d773e0dfe93df5b2109c512b3f7b1_images.jpg,Aliquam blanditiis harum illum delectus enim. Maxime ex laborum nostrum placeat dolorum id earum non. Reprehenderit cupiditate quod aperiam.,148.65
30661,Men,Sunglasses,Park Avenue Men Black Sunglasses,http://assets.myntassets.com/v1/images/style/properties/cbd13ec681d0898d4a6e43402c05f2b9_images.jpg,Aliquam blanditiis harum illum delectus enim. Maxime ex laborum nostrum placeat dolorum id earum non. Reprehenderit cupiditate quod aperiam.,152.91
24053,Men,Tshirts,Locomotive Men Printed Charcoal T-shirt,http://assets.myntassets.com/v1/images/style/properties/4eb872956e1b8d1387fe0f454a4bec7f_images.jpg,Aliquam blanditiis harum illum delectus enim. Maxime ex laborum nostrum placeat dolorum id earum non. Reprehenderit cupiditate quod aperiam.,159.06
17271,Men,Tshirts,U.S. Polo Assn. Men Stripes DK.Grey Polo Tshirt,http://assets.myntassets.com/v1/images/style/properties/eaf2af327ae5b0fbd2d32a234201ebc3_images.jpg,Aliquam blanditiis harum illum delectus enim. Maxime ex laborum nostrum placeat dolorum id earum non. Reprehenderit cupiditate quod aperiam.,149.29
30453,Men,Jeans,Deni Yo Men White Jeans,http://assets.myntassets.com/v1/images/style/properties/98a0a57a35f52206b545d0d06a80f2f7_images.jpg,Aliquam blanditiis harum illum delectus enim. Maxime ex laborum nostrum placeat dolorum id earum non. Reprehenderit cupiditate quod aperiam.,140.87
31581,Men,Tshirts,Mark Taylor Men Printed Blue T-shirt,http://assets.myntassets.com/v1/images/style/properties/33a4f23ed9e1dc05e97ea94ab4809301_images.jpg,Aliquam blanditiis harum illum delectus enim. Maxime ex laborum nostrum placeat dolorum id earum non. Reprehenderit cupiditate quod aperiam.,166.06
3354,Men,Tshirts,Myntra Men's I Give 100 Percent Work White T-shirt,http://assets.myntassets.com/v1/images/style/properties/d55de4814c818878d0584e90470d14d6_images.jpg,Aliquam blanditiis harum illum delectus enim. Maxime ex laborum nostrum placeat dolorum id earum non. Reprehenderit cupiditate quod aperiam.,157.24
10430,Men,Shirts,Flying Machine Men Ydc Blue Shirts,http://assets.myntassets.com/v1/images/style/properties/b77929d59d81689e660446586e5e8dc3_images.jpg,Aliquam blanditiis harum illum delectus enim. Maxime ex laborum nostrum placeat dolorum id earum non. Reprehenderit cupiditate quod aperiam.,117.86
39388,Men,Jeans,Peter England Men Black Jeans,http://assets.myntassets.com/v1/images/style/properties/5a1df9ac28930032d37b9fa4cf5102e6_images.jpg,Aliquam blanditiis harum illum delectus enim. Maxime ex laborum nostrum placeat dolorum id earum non. Reprehenderit cupiditate quod aperiam.,158.66
14090,Men,Tshirts,Flying Machine Men Stripes Blue Polo Tshirts,http://assets.myntassets.com/v1/images/style/properties/986d8893b024b650133e1bb88905f6ed_images.jpg,Aliquam blanditiis harum illum delectus enim. Maxime ex laborum nostrum placeat dolorum id earum non. Reprehenderit cupiditate quod aperiam.,169.97
37212,Men,Shirts,United Colors of Benetton Men Pink Shirt,http://assets.myntassets.com/v1/images/style/properties/1066deb40c4f9ff773d13931b0fc2edd_images.jpg,Aliquam blanditiis harum illum delectus enim. Maxime ex laborum nostrum placeat dolorum id earum non. Reprehenderit cupiditate quod aperiam.,139.93
6242,Women,Tshirts,Lee Women's Rihana Purple T-shirt,http://assets.myntassets.com/v1/images/style/properties/4ee9c897d673a21972f79ef041f6ec99_images.jpg,Aliquam blanditiis harum illum delectus enim. Maxime ex laborum nostrum placeat dolorum id earum non. Reprehenderit cupiditate quod aperiam.,105.24
3730,Men,Tshirts,CSK Mens Fangear Yellow Jersey,http://assets.myntassets.com/v1/images/style/properties/3d5795ec77c53b0030af8f5caed06a51_images.jpg,Aliquam blanditiis harum illum delectus enim. Maxime ex laborum nostrum placeat dolorum id earum non. Reprehenderit cupiditate quod aperiam.,110.94
12367,Men,Shirts,Reid & Taylor Men White Shirt,http://assets.myntassets.com/v1/images/style/properties/Reid---Taylor-Men-White-Shirt_7868945b6d3a95140b08b1719b0092f1_images.jpg,Aliquam blanditiis harum illum delectus enim. Maxime ex laborum nostrum placeat dolorum id earum non. Reprehenderit cupiditate quod aperiam.,165.82
9804,Men,Shirts,John Miller Men Black Checks Shirts,http://assets.myntassets.com/v1/images/style/properties/a8c8db5eadde7182104da52ff4b818b0_images.jpg,Aliquam blanditiis harum illum delectus enim. Maxime ex laborum nostrum placeat dolorum id earum non. Reprehenderit cupiditate quod aperiam.,116.06
6070,Women,Tshirts,UCB Women's Young Pigment Blue T-shirt,http://assets.myntassets.com/v1/images/style/properties/3d1229d4a695a5fa5da1233b3778f424_images.jpg,Aliquam blanditiis harum illum delectus enim. Maxime ex laborum nostrum placeat dolorum id earum non. Reprehenderit cupiditate quod aperiam.,127.44
26360,Women,Tshirts,Arrow Woman Grey T-shirt,http://assets.myntassets.com/v1/images/style/properties/2d5d6003f886ff36683e9f6a9bb9cda8_images.jpg,Aliquam blanditiis harum illum delectus enim. Maxime ex laborum nostrum placeat dolorum id earum non. Reprehenderit cupiditate quod aperiam.,122.99
3502,Women,Tshirts,ADIDAS Women's Black T-shirt,http://assets.myntassets.com/v1/images/style/properties/bc3ca4fc5e033feb792aef87100f1a6d_images.jpg,Aliquam blanditiis harum illum delectus enim. Maxime ex laborum nostrum placeat dolorum id earum non. Reprehenderit cupiditate quod aperiam.,119.98
10602,Men,Tshirts,Nike Men Football Soccer Red Jerseys,http://assets.myntassets.com/v1/images/style/properties/c0d022229d81e781668b3e78be82fa94_images.jpg,Aliquam blanditiis harum illum delectus enim. Maxime ex laborum nostrum placeat dolorum id earum non. Reprehenderit cupiditate quod aperiam.,172.02
40172,Men,Sunglasses,Fastrack Men UV protected Sporty Wrap Sunglasses,http://assets.myntassets.com/v1/images/style/properties/aef6869c09765a1b16e84a7ff864c7c1_images.jpg,Aliquam blanditiis harum illum delectus enim. Maxime ex laborum nostrum placeat dolorum id earum non. Reprehenderit cupiditate quod aperiam.,181.05
21145,Women,Shirts,s.Oliver Women Printed Black Shirt,http://assets.myntassets.com/v1/images/style/properties/9795ab6d300c035f12502e418a8522fe_images.jpg,Aliquam blanditiis harum illum delectus enim. Maxime ex laborum nostrum placeat dolorum id earum non. Reprehenderit cupiditate quod aperiam.,140.65
59403,Women,Tshirts,Tokyo Talkies Women White T-shirt,http://assets.myntassets.com/v1/images/style/properties/Tokyo-Talkies-Women-White-T-shirt_bf24debeba0c5e8aae5aa167e99b6443_images.jpg,Aliquam blanditiis harum illum delectus enim. Maxime ex laborum nostrum placeat dolorum id earum non. Reprehenderit cupiditate quod aperiam.,162.54
29774,Men,Shirts,Wrangler Men Purple Striped Shirt,http://assets.myntassets.com/v1/images/style/properties/469cdb7f8a8f021723071b230c1ebf3c_images.jpg,Aliquam blanditiis harum illum delectus enim. Maxime ex laborum nostrum placeat dolorum id earum non. Reprehenderit cupiditate quod aperiam.,158.7
9464,Men,Shirts,John Miller Men  White Shirt,http://assets.myntassets.com/v1/images/style/properties/a909b6d0de20fb26fcf2da90273739ad_images.jpg,Aliquam blanditiis harum illum delectus enim. Maxime ex laborum nostrum placeat dolorum id earum non. Reprehenderit cupiditate quod aperiam.,136.98
17249,Men,Tshirts,U.S. Polo Assn. Men Printed Limoges Blue Tshirt,http://assets.myntassets.com/v1/images/style/properties/de1fbbe7a4f79bbfa5a147228323b832_images.jpg,Aliquam blanditiis harum illum delectus enim. Maxime ex laborum nostrum placeat dolorum id earum non. Reprehenderit cupiditate quod aperiam.,190.34
29546,Men,Tshirts,Classic Polo Men Black T-shirt,http://assets.myntassets.com/v1/images/style/properties/5ad3719c0803e65fdedded0f5570d652_images.jpg,Aliquam blanditiis harum illum delectus enim. Maxime ex laborum nostrum placeat dolorum id earum non. Reprehenderit cupiditate quod aperiam.,116.12
9656,Men,Shirts,Indigo Nation Men Bling Technification Red Black Shirts,http://assets.myntassets.com/v1/images/style/properties/5929783c109080d3d56a96f2621e3c1a_images.jpg,Aliquam blanditiis harum illum delectus enim. Maxime ex laborum nostrum placeat dolorum id earum non. Reprehenderit cupiditate quod aperiam.,172.9
4975,Men,Tshirts,Gini and Jony Boy's Kent Pack of 3 Tee Kidswear,http://assets.myntassets.com/v1/images/style/properties/b0c2d4a01bdbe1f2aa39cc83542cd60c_images.jpg,Aliquam blanditiis harum illum delectus enim. Maxime ex laborum nostrum placeat dolorum id earum non. Reprehenderit cupiditate quod aperiam.,137.35
38606,Men,Tshirts,Nike Men Printed Boxed White T-shirt,http://assets.myntassets.com/v1/images/style/properties/7755ec2ed4dab765f8bf3177aee05763_images.jpg,Aliquam blanditiis harum illum delectus enim. Maxime ex laborum nostrum placeat dolorum id earum non. Reprehenderit cupiditate quod aperiam.,185.82
10850,Men,Tshirts,Wrangler Men Famous Filafil Blue T-Shirts,http://assets.myntassets.com/v1/images/style/properties/8bd276f0e9295336eadafab87eb1f1cb_images.jpg,Aliquam blanditiis harum illum delectus enim. Maxime ex laborum nostrum placeat dolorum id earum non. Reprehenderit cupiditate quod aperiam.,165.41
27884,Women,Shirts,Scullers For Her Blue Shirt,http://assets.myntassets.com/v1/images/style/properties/f63c1e98ad0cf6533d898bd56a0ba417_images.jpg,Aliquam blanditiis harum illum delectus enim. Maxime ex laborum nostrum placeat dolorum id earum non. Reprehenderit cupiditate quod aperiam.,139.09
3708,Men,Tshirts,Classic Polo Men's Navy Grey Stripe T-shirt,http://assets.myntassets.com/v1/images/style/properties/24336bcdabc9461c17c55ea8e093b87b_images.jpg,Aliquam blanditiis harum illum delectus enim. Maxime ex laborum nostrum placeat dolorum id earum non. Reprehenderit cupiditate quod aperiam.,151.83
1863,Men,Tshirts,Inkfruit Men Night Wolf T-shirt,http://assets.myntassets.com/v1/images/style/properties/4e234092eeb7a1448aed7c155138bdd6_images.jpg,Aliquam blanditiis harum illum delectus enim. Maxime ex laborum nostrum placeat dolorum id earum non. Reprehenderit cupiditate quod aperiam.,133.36
15348,Men,Tshirts,Nike Men Special Edition 3 Star Polo Black Tshirts,http://assets.myntassets.com/v1/images/style/properties/988496cb79a467af481c82c55cde8083_images.jpg,Aliquam blanditiis harum illum delectus enim. Maxime ex laborum nostrum placeat dolorum id earum non. Reprehenderit cupiditate quod aperiam.,193.95
12951,Men,Shirts,Basics Men Blue Slim Fit Checked Shirt,http://assets.myntassets.com/v1/images/style/properties/90b41c72a6ffec9f8c1c1f96b07c683c_images.jpg,Aliquam blanditiis harum illum delectus enim. Maxime ex laborum nostrum placeat dolorum id earum non. Reprehenderit cupiditate quod aperiam.,132.36
6048,Men,Shirts,UCB Men Ben Logo Black Shirt,http://assets.myntassets.com/v1/images/style/properties/17545a789509c8bf05b7a8c9660df680_images.jpg,Aliquam blanditiis harum illum delectus enim. Maxime ex laborum nostrum placeat dolorum id earum non. Reprehenderit cupiditate quod aperiam.,143.59
13883,Men,Shirts,Scullers Men Check Purple Shirts,http://assets.myntassets.com/v1/images/style/properties/0d1851cc4cfb7faf995a1773c6d2dce5_images.jpg,Aliquam blanditiis harum illum delectus enim. Maxime ex laborum nostrum placeat dolorum id earum non. Reprehenderit cupiditate quod aperiam.,146.64
27870,Women,Shirts,Scullers For Her Women White Striped Shirt,http://assets.myntassets.com/v1/images/style/properties/Scullers-For-Her-Women-White-Striped-Shirt_b4833b5129730298114c075d80980d96_images.jpg,Aliquam blanditiis harum illum delectus enim. Maxime ex laborum nostrum placeat dolorum id earum non. Reprehenderit cupiditate quod aperiam.,172.48
8314,Men,Shirts,Locomotive Men Check Lafayette Blue Shirts,http://assets.myntassets.com/v1/images/style/properties/306ba92f55ea71452fee875a33c3633a_images.jpg,Aliquam blanditiis harum illum delectus enim. Maxime ex laborum nostrum placeat dolorum id earum non. Reprehenderit cupiditate quod aperiam.,119.36
39344,Men,Tshirts,Mr. Men Green T-shirt,http://assets.myntassets.com/v1/images/style/properties/Mr-Men-Men-Green-T-shirt_51c5b37476b4f9996fc5155968976955_images.jpg,Aliquam blanditiis harum illum delectus enim. Maxime ex laborum nostrum placeat dolorum id earum non. Reprehenderit cupiditate quod aperiam.,111.06
1897,Men,Tshirts,FIFA Men Germany Blue Jersey,http://assets.myntassets.com/v1/images/style/properties/e80f3fc54b451cd28bcc223cd3ccf63e_images.jpg,Aliquam blanditiis harum illum delectus enim. Maxime ex laborum nostrum placeat dolorum id earum non. Reprehenderit cupiditate quod aperiam.,105.93
25529,Men,Shirts,Wrangler Men Griffith White Shirt,http://assets.myntassets.com/v1/images/style/properties/361a973927b6edc23c6aaf840b170e94_images.jpg,Aliquam blanditiis harum illum delectus enim. Maxime ex laborum nostrum placeat dolorum id earum non. Reprehenderit cupiditate quod aperiam.,168.14
16539,Men,Shirts,Basics Men White Slim Fit Striped Shirt,http://assets.myntassets.com/v1/images/style/properties/071f93920fa13ef44d4ef381909745e6_images.jpg,Aliquam blanditiis harum illum delectus enim. Maxime ex laborum nostrum placeat dolorum id earum non. Reprehenderit cupiditate quod aperiam.,111.93
13877,Men,Shirts,Scullers Men Solid Maroon Shirts,http://assets.myntassets.com/v1/images/style/properties/704ffb8c6c7bad843aaf5423eedc1b80_images.jpg,Aliquam blanditiis harum illum delectus enim. Maxime ex laborum nostrum placeat dolorum id earum non. Reprehenderit cupiditate quod aperiam.,177.49
19571,Men,Tshirts,United Colors of Benetton Men Printed Black TShirt,http://assets.myntassets.com/v1/images/style/properties/92642e4d0d368352c694a919e3666336_images.jpg,Aliquam blanditiis harum illum delectus enim. Maxime ex laborum nostrum placeat dolorum id earum non. Reprehenderit cupiditate quod aperiam.,160.47
12199,Men,Tshirts,Basics Men Blue Polo T-shirt,http://assets.myntassets.com/v1/images/style/properties/8e273ddc56bbc75b9706e860dd0dcdb3_images.jpg,Aliquam blanditiis harum illum delectus enim. Maxime ex laborum nostrum placeat dolorum id earum non. Reprehenderit cupiditate quod aperiam.,157.6
7952,Men,Tshirts,Puma Men's Knit Polo Black  Polo T-shirt,http://assets.myntassets.com/v1/images/style/properties/4f45c39aa34cbfcda45fc53752600df5_images.jpg,Aliquam blanditiis harum illum delectus enim. Maxime ex laborum nostrum placeat dolorum id earum non. Reprehenderit cupiditate quod aperiam.,199.33
11378,Men,Shirts,United Colors of Benetton Men Summer White Shirts,http://assets.myntassets.com/v1/images/style/properties/a57200d51062b4c0a74a6b9b5a805306_images.jpg,Aliquam blanditiis harum illum delectus enim. Maxime ex laborum nostrum placeat dolorum id earum non. Reprehenderit cupiditate quod aperiam.,157.56
2844,Men,Tshirts,Mr.Men Men's Mr.Busy Navy T-shirt,http://assets.myntassets.com/v1/images/style/properties/1aa3626f05339e3d6cd1a91c895dedda_images.jpg,Aliquam blanditiis harum illum delectus enim. Maxime ex laborum nostrum placeat dolorum id earum non. Reprehenderit cupiditate quod aperiam.,117.72
49665,Men,Sunglasses,United Colors of Benetton Men Sunglass,http://assets.myntassets.com/v1/images/style/properties/015b52ef446669268a699edfb011b88c_images.jpg,Aliquam blanditiis harum illum delectus enim. Maxime ex laborum nostrum placeat dolorum id earum non. Reprehenderit cupiditate quod aperiam.,102.92
16961,Men,Sunglasses,Image Men Sunglasses,http://assets.myntassets.com/v1/images/style/properties/Image-Men-Classic-Eyewear-Black-Sunglasses_35201820dc9efb5a43bfcce0dcb63e52_images.jpg,Aliquam blanditiis harum illum delectus enim. Maxime ex laborum nostrum placeat dolorum id earum non. Reprehenderit cupiditate quod aperiam.,171.21
28460,Women,Shorts,Urban Yoga Women Pink Shorts,http://assets.myntassets.com/v1/images/style/properties/44f0716e5b5d34fff6c4230113004cab_images.jpg,Aliquam blanditiis harum illum delectus enim. Maxime ex laborum nostrum placeat dolorum id earum non. Reprehenderit cupiditate quod aperiam.,164.41
44348,Men,Shirts,Indian Terrain Men Brown Check Shirt,http://assets.myntassets.com/v1/images/style/properties/86009bb2c7579ea6e35f5c43ab953317_images.jpg,Aliquam blanditiis harum illum delectus enim. Maxime ex laborum nostrum placeat dolorum id earum non. Reprehenderit cupiditate quod aperiam.,175.91
26367,Women,Shirts,Arrow Woman Lavender Shirt,http://assets.myntassets.com/v1/images/style/properties/b6d14ed28d8e41421827515783d436c3_images.jpg,Aliquam blanditiis harum illum delectus enim. Maxime ex laborum nostrum placeat dolorum id earum non. Reprehenderit cupiditate quod aperiam.,116.4
33487,Men,Shirts,Doodle Kids Boy Check Red Shirt,http://assets.myntassets.com/v1/images/style/properties/040c6e8554f0f29e38f52fc53a090d7d_images.jpg,Aliquam blanditiis harum illum delectus enim. Maxime ex laborum nostrum placeat dolorum id earum non. Reprehenderit cupiditate quod aperiam.,192.83
40175,Men,Sunglasses,Fastrack Men Revo Coated Sporty Wrap Sunglasses,http://assets.myntassets.com/v1/images/style/properties/03c89d1dc61eca801a0ec322286a4592_images.jpg,Aliquam blanditiis harum illum delectus enim. Maxime ex laborum nostrum placeat dolorum id earum non. Reprehenderit cupiditate quod aperiam.,188.97
10437,Men,Shirts,Flying Machine Men HS Green Shirts,http://assets.myntassets.com/v1/images/style/properties/0f8c620c01625052504c8d0657f99c8f_images.jpg,Aliquam blanditiis harum illum delectus enim. Maxime ex laborum nostrum placeat dolorum id earum non. Reprehenderit cupiditate quod aperiam.,132.29
32767,Men,Shirts,John Miller Men Striped White Shirt,http://assets.myntassets.com/v1/images/style/properties/ae6d62194910a07e0183016fe0088d4a_images.jpg,Aliquam blanditiis harum illum delectus enim. Maxime ex laborum nostrum placeat dolorum id earum non. Reprehenderit cupiditate quod aperiam.,197.6
37215,Men,Shirts,United Colors of Benetton Men Grey Shirt,http://assets.myntassets.com/v1/images/style/properties/2f2c6dcff00bf8d1a66fe284c2e92182_images.jpg,Aliquam blanditiis harum illum delectus enim. Maxime ex laborum nostrum placeat dolorum id earum non. Reprehenderit cupiditate quod aperiam.,126.15
15145,Men,Shirts,Arrow Sport Men Printed Navy Blue Shirts,http://assets.myntassets.com/v1/images/style/properties/5cd6afd70f89785225e1c0543d8f55d4_images.jpg,Aliquam blanditiis harum illum delectus enim. Maxime ex laborum nostrum placeat dolorum id earum non. Reprehenderit cupiditate quod aperiam.,171.06
12360,Men,Shirts,Reid & Taylor Men Solid Black Shirts,http://assets.myntassets.com/v1/images/style/properties/7fac54922fb61e254770e27851f03bae_images.jpg,Aliquam blanditiis harum illum delectus enim. Maxime ex laborum nostrum placeat dolorum id earum non. Reprehenderit cupiditate quod aperiam.,189.79
9669,Men,Shirts,Indigo Nation Men Checks Blue Shirts,http://assets.myntassets.com/v1/images/style/properties/5824da2955055c4b2893259393ebac06_images.jpg,Aliquam blanditiis harum illum delectus enim. Maxime ex laborum nostrum placeat dolorum id earum non. Reprehenderit cupiditate quod aperiam.,194.18
30666,Men,Sunglasses,Park Avenue Men Black Sunglasses,http://assets.myntassets.com/v1/images/style/properties/bdbc9a4ebcda6722e2c7a15257798b65_images.jpg,Aliquam blanditiis harum illum delectus enim. Maxime ex laborum nostrum placeat dolorum id earum non. Reprehenderit cupiditate quod aperiam.,124.11
8589,Men,Shirts,Scullers Men Scul Blue Shirts,http://assets.myntassets.com/v1/images/style/properties/da8d60d43340503f4f422c732c420584_images.jpg,Aliquam blanditiis harum illum delectus enim. Maxime ex laborum nostrum placeat dolorum id earum non. Reprehenderit cupiditate quod aperiam.,182.53
41605,Men,Shirts,Basics Men Grey Shirt,http://assets.myntassets.com/v1/images/style/properties/Basics-Men-Grey-Shirt_9b798a6d6e2b4d37627075dff803bda1_images.jpg,Aliquam blanditiis harum illum delectus enim. Maxime ex laborum nostrum placeat dolorum id earum non. Reprehenderit cupiditate quod aperiam.,186.7
7707,Women,Jeans,Jealous 21 Women's Abbie Black Jegging,http://assets.myntassets.com/v1/images/style/properties/ab588b6d252f2a16ad9127e3cf705d3d_images.jpg,Aliquam blanditiis harum illum delectus enim. Maxime ex laborum nostrum placeat dolorum id earum non. Reprehenderit cupiditate quod aperiam.,156.27
16350,Men,Shirts,Peter England Men Stripes Cream Shirt,http://assets.myntassets.com/v1/images/style/properties/f349739dc05a9f662e0e977837bda6a0_images.jpg,Aliquam blanditiis harum illum delectus enim. Maxime ex laborum nostrum placeat dolorum id earum non. Reprehenderit cupiditate quod aperiam.,141.5
51497,Women,Jeans,Denizen Women Navy Blue Jeans,http://assets.myntassets.com/v1/images/style/properties/3c7ad6d772954b73d41681d934b07f70_images.jpg,Aliquam blanditiis harum illum delectus enim. Maxime ex laborum nostrum placeat dolorum id earum non. Reprehenderit cupiditate quod aperiam.,121.71
22357,Men,Shirts,John Players Men Solid Black Shirt,http://assets.myntassets.com/v1/images/style/properties/ec217e05d31457a2a0885eb9848c8b1d_images.jpg,Aliquam blanditiis harum illum delectus enim. Maxime ex laborum nostrum placeat dolorum id earum non. Reprehenderit cupiditate quod aperiam.,105.66
27625,Men,Shorts,Scullers Men Grey Shorts,http://assets.myntassets.com/v1/images/style/properties/1d48a740b52980e02294280c42140d77_images.jpg,Aliquam blanditiis harum illum delectus enim. Maxime ex laborum nostrum placeat dolorum id earum non. Reprehenderit cupiditate quod aperiam.,118.13
13410,Men,Shirts,United Colors of Benetton Men Solid Blue Shirts,http://assets.myntassets.com/v1/images/style/properties/637a8264a75d14644a2605ef24059302_images.jpg,Aliquam blanditiis harum illum delectus enim. Maxime ex laborum nostrum placeat dolorum id earum non. Reprehenderit cupiditate quod aperiam.,163.86
11347,Men,Jeans,Lee Men Elvira Rinse Blue Chicago Fit Jeans,http://assets.myntassets.com/v1/images/style/properties/73c2b0fbfaa86d7a08b668b2e045a455_images.jpg,Aliquam blanditiis harum illum delectus enim. Maxime ex laborum nostrum placeat dolorum id earum non. Reprehenderit cupiditate quod aperiam.,102.67
16506,Men,Jeans,Locomotive Men Washed Blue Jeans,http://assets.myntassets.com/v1/images/style/properties/e656ae2dd568fa7089754f481e93aa03_images.jpg,Aliquam blanditiis harum illum delectus enim. Maxime ex laborum nostrum placeat dolorum id earum non. Reprehenderit cupiditate quod aperiam.,192.64
7151,Women,Shirts,Scullers For Her Women Rivited Check Black Shirts,http://assets.myntassets.com/v1/images/style/properties/23649aa8c80d9c0e7f111d4f51870c22_images.jpg,Aliquam blanditiis harum illum delectus enim. Maxime ex laborum nostrum placeat dolorum id earum non. Reprehenderit cupiditate quod aperiam.,131.38
28209,Men,Sunglasses,Ray-Ban Men High Street Black Sunglasses,http://assets.myntassets.com/v1/images/style/properties/0d5812b850f82d52a8d4cfd17ef2584e_images.jpg,Aliquam blanditiis harum illum delectus enim. Maxime ex laborum nostrum placeat dolorum id earum non. Reprehenderit cupiditate quod aperiam.,150.8
20858,Women,Sunglasses,United Colors of Benetton Women Casual Olive Sunglasses,http://assets.myntassets.com/v1/images/style/properties/043777d8c5e9176cf601a1456dc847df_images.jpg,Aliquam blanditiis harum illum delectus enim. Maxime ex laborum nostrum placeat dolorum id earum non. Reprehenderit cupiditate quod aperiam.,191.56
40181,Men,Sunglasses,Fastrack Men Revo Coated Sporty Wrap Sunglasses,http://assets.myntassets.com/v1/images/style/properties/e5bd6bd56e860b61f0112b8523d826c0_images.jpg,Aliquam blanditiis harum illum delectus enim. Maxime ex laborum nostrum placeat dolorum id earum non. Reprehenderit cupiditate quod aperiam.,178.74
28807,Men,Shirts,Denizen Men Check Brown Shirt,http://assets.myntassets.com/v1/images/style/properties/2f2060a1d29361249690a5cdc388d30e_images.jpg,Aliquam blanditiis harum illum delectus enim. Maxime ex laborum nostrum placeat dolorum id earum non. Reprehenderit cupiditate quod aperiam.,109.66
13246,Men,Jeans,Palm Tree Kids Boy Washed Blue Jeans,http://assets.myntassets.com/v1/images/style/properties/da9a7ad1dc45a3537b6ae67a54e13e4a_images.jpg,Aliquam blanditiis harum illum delectus enim. Maxime ex laborum nostrum placeat dolorum id earum non. Reprehenderit cupiditate quod aperiam.,180.59
26101,Men,Shirts,John Miller Men Striped White Shirt,http://assets.myntassets.com/v1/images/style/properties/bf89ea937ddce414bb169e04f3275a24_images.jpg,Aliquam blanditiis harum illum delectus enim. Maxime ex laborum nostrum placeat dolorum id earum non. Reprehenderit cupiditate quod aperiam.,142.75
9259,Men,Shirts,Mark Taylor Men Blue Striped Shirt,http://assets.myntassets.com/v1/images/style/properties/f657d6abaa8184bc31e80a5e6811da5a_images.jpg,Aliquam blanditiis harum illum delectus enim. Maxime ex laborum nostrum placeat dolorum id earum non. Reprehenderit cupiditate quod aperiam.,124.42
16794,Men,Shirts,Highlander Men Stripes Navy Blue Shirt,http://assets.myntassets.com/v1/images/style/properties/53f6e5d399fc65d449ba08707f8e23f7_images.jpg,Aliquam blanditiis harum illum delectus enim. Maxime ex laborum nostrum placeat dolorum id earum non. Reprehenderit cupiditate quod aperiam.,176.88
21324,Men,Sunglasses,Louis Philippe Men Aviator Sunglasses LP201-C1,http://assets.myntassets.com/v1/images/style/properties/f0a88bc0ad9823c61f52e88251c52ec8_images.jpg,Aliquam blanditiis harum illum delectus enim. Maxime ex laborum nostrum placeat dolorum id earum non. Reprehenderit cupiditate quod aperiam.,183.8
38209,Women,Sunglasses,Polaroid Women Sunglasses,http://assets.myntassets.com/v1/images/style/properties/5a601a45f6c220c22068fcac06f76a95_images.jpg,Aliquam blanditiis harum illum delectus enim. Maxime ex laborum nostrum placeat dolorum id earum non. Reprehenderit cupiditate quod aperiam.,108.3
44581,Men,Jeans,Lee Rinse Navy Blue Slim Fit Jeans,http://assets.myntassets.com/assets/images/44581/2016/7/22/11469189950161-Lee-Rinse-Navy-Blue-Slim-Fit-Jeans-7081469189949979-1.jpg,Aliquam blanditiis harum illum delectus enim. Maxime ex laborum nostrum placeat dolorum id earum non. Reprehenderit cupiditate quod aperiam.,154.43
32501,Men,Shirts,Scullers Men Black Shirt,http://assets.myntassets.com/v1/images/style/properties/76c2c7156c4514c8eb5ddfcee61a1a95_images.jpg,Aliquam blanditiis harum illum delectus enim. Maxime ex laborum nostrum placeat dolorum id earum non. Reprehenderit cupiditate quod aperiam.,133.87
53152,Men,Shirts,Mark Taylor Men Brown Shirt,http://assets.myntassets.com/v1/images/style/properties/3f0a5a37fab872fb002f1e1b754fed94_images.jpg,Aliquam blanditiis harum illum delectus enim. Maxime ex laborum nostrum placeat dolorum id earum non. Reprehenderit cupiditate quod aperiam.,190.32
17222,Men,Sunglasses,United Colors of Benetton Men Funky Eyewear Blue Sunglasses,http://assets.myntassets.com/v1/images/style/properties/992f7ef18931d095078c574a706dfdcc_images.jpg,Aliquam blanditiis harum illum delectus enim. Maxime ex laborum nostrum placeat dolorum id earum non. Reprehenderit cupiditate quod aperiam.,110.74
21586,Men,Jeans,Locomotive Men Washed Grey Jeans,http://assets.myntassets.com/v1/images/style/properties/011e7c29b1e76aae12a3e266281e2858_images.jpg,Aliquam blanditiis harum illum delectus enim. Maxime ex laborum nostrum placeat dolorum id earum non. Reprehenderit cupiditate quod aperiam.,160.38
27027,Women,Shorts,Jealous 21 Women Blue Shorts,http://assets.myntassets.com/v1/images/style/properties/995dabdb57e37d34d3b873fc2e70a2fc_images.jpg,Aliquam blanditiis harum illum delectus enim. Maxime ex laborum nostrum placeat dolorum id earum non. Reprehenderit cupiditate quod aperiam.,114.61
50949,Women,Jeans,Lee Women Navy Blue Roxy Fit Jeans,http://assets.myntassets.com/v1/images/style/properties/cd8b98aaa2ead9e8f69b584a0650ee9b_images.jpg,Aliquam blanditiis harum illum delectus enim. Maxime ex laborum nostrum placeat dolorum id earum non. Reprehenderit cupiditate quod aperiam.,176.59
27215,Men,Shorts,Doodle Kids Boy Striped Blue Shorts,http://assets.myntassets.com/v1/images/style/properties/99a267010ab471a6d6f5b2a9429de11c_images.jpg,Aliquam blanditiis harum illum delectus enim. Maxime ex laborum nostrum placeat dolorum id earum non. Reprehenderit cupiditate quod aperiam.,197.56
30269,Men,Sunglasses,Speedo Men Sheet Sunglasses,http://assets.myntassets.com/v1/images/style/properties/47bcbb24bd8b2e066437d691f2bfd139_images.jpg,Aliquam blanditiis harum illum delectus enim. Maxime ex laborum nostrum placeat dolorum id earum non. Reprehenderit cupiditate quod aperiam.,1
28296,Men,Sunglasses,Fastrack Men Sunglasses,http://assets.myntassets.com/v1/images/style/properties/b89b5c55bc671bdb0ed485b142ba083a_images.jpg,Aliquam blanditiis harum illum delectus enim. Maxime ex laborum nostrum placeat dolorum id earum non. Reprehenderit cupiditate quod aperiam.,111
56847,Men,Jeans,John Players Men Blue Jeans,http://assets.myntassets.com/v1/images/style/properties/John-Players-Men-Blue-Jeans_48c4929e8a62d1b8ea6070c400c9e06e_images.jpg,Aliquam blanditiis harum illum delectus enim. Maxime ex laborum nostrum placeat dolorum id earum non. Reprehenderit cupiditate quod aperiam.,137.29
48387,Men,Jeans,French Connection Men Blue Jeans,http://assets.myntassets.com/v1/images/style/properties/French-Connection-Men-Blue-Jeans_d715338997b800fead88e914cbdeca14_images.jpg,Aliquam blanditiis harum illum delectus enim. Maxime ex laborum nostrum placeat dolorum id earum non. Reprehenderit cupiditate quod aperiam.,184.53
27018,Women,Jeans,Jealous 21 Women Washed Blue Jeans,http://assets.myntassets.com/v1/images/style/properties/c3c02ca9eff02b8a9aed552288fe5914_images.jpg,Aliquam blanditiis harum illum delectus enim. Maxime ex laborum nostrum placeat dolorum id earum non. Reprehenderit cupiditate quod aperiam.,174.19
16109,Men,Sunglasses,M tv Men My Fab Eyewear Brown Sunglasses,http://assets.myntassets.com/v1/images/style/properties/d2326f3a87c44435cbd9542e2bde062a_images.jpg,Aliquam blanditiis harum illum delectus enim. Maxime ex laborum nostrum placeat dolorum id earum non. Reprehenderit cupiditate quod aperiam.,149.29
58571,Men,Shorts,Puma Men Black Shorts,http://assets.myntassets.com/v1/images/style/properties/Puma-Men-Black-Short_18d7937fb5d087ebe34d60c3818484bc_images.jpg,Aliquam blanditiis harum illum delectus enim. Maxime ex laborum nostrum placeat dolorum id earum non. Reprehenderit cupiditate quod aperiam.,166.06
4787,Men,Shorts,ADIDAS Men's Bas Esx Black Short,http://assets.myntassets.com/v1/images/style/properties/145dcad3efcae0173e87fb381fc4f8f0_images.jpg,Aliquam blanditiis harum illum delectus enim. Maxime ex laborum nostrum placeat dolorum id earum non. Reprehenderit cupiditate quod aperiam.,117.86
27020,Women,Jeans,Jealous 21 Women Navy Blue Jeans,http://assets.myntassets.com/v1/images/style/properties/Jealous-21-Women-Washed-Navy-Blue-Jeans_3b959991273c8a02d33aa71c74ff8877_images.jpg,Aliquam blanditiis harum illum delectus enim. Maxime ex laborum nostrum placeat dolorum id earum non. Reprehenderit cupiditate quod aperiam.,116.06
5003,Women,Shorts,Gini and Jony Girl's Arella Blue Kidswear,http://assets.myntassets.com/v1/images/style/properties/4f0851704c708d135d68467d456bff2e_images.jpg,Aliquam blanditiis harum illum delectus enim. Maxime ex laborum nostrum placeat dolorum id earum non. Reprehenderit cupiditate quod aperiam.,162.54
58549,Women,Sunglasses,Miami Blues Women Sunglasses,http://assets.myntassets.com/v1/images/style/properties/Miami-Blues-Women-Sunglasses_6258bd4836e1cc0d0739fa74e3a1437a_images.jpg,Aliquam blanditiis harum illum delectus enim. Maxime ex laborum nostrum placeat dolorum id earum non. Reprehenderit cupiditate quod aperiam.,141.15
17225,Men,Sunglasses,United Colors of Benetton Men Funky Eyewear Blue Sunglasses,http://assets.myntassets.com/v1/images/style/properties/573f3bf7f0c9dfbd795a3211f4897563_images.jpg,Aliquam blanditiis harum illum delectus enim. Maxime ex laborum nostrum placeat dolorum id earum non. Reprehenderit cupiditate quod aperiam.,139.09
9408,Women,Sunglasses,Fastrack Women Sunglasses,http://assets.myntassets.com/v1/images/style/properties/Fastrack-Women-Denim-Blue-Sunglasses5389c473fdd246b034e514bcd5759a9c_images.jpg,Aliquam blanditiis harum illum delectus enim. Maxime ex laborum nostrum placeat dolorum id earum non. Reprehenderit cupiditate quod aperiam.,146.64
51602,Women,Jeans,Wrangler Women Blue Molly Jeans,http://assets.myntassets.com/v1/images/style/properties/Wrangler-Women-Blue-Molly-Jeans_f34d61092bdd940620b43e9e429d673c_images.jpg,Aliquam blanditiis harum illum delectus enim. Maxime ex laborum nostrum placeat dolorum id earum non. Reprehenderit cupiditate quod aperiam.,111.06
44586,Men,Jeans,Lee Men Tino Blue Jeans,http://assets.myntassets.com/v1/images/style/properties/ce3149f5fd8fa39cbff8dc8fc4e29a6f_images.jpg,Aliquam blanditiis harum illum delectus enim. Maxime ex laborum nostrum placeat dolorum id earum non. Reprehenderit cupiditate quod aperiam.,105.93
12333,Women,Jeans,Spykar Women Ep Jeans Blue Jeans,http://assets.myntassets.com/v1/images/style/properties/3d8ebb1a01134bd612a5765372a4c644_images.jpg,Aliquam blanditiis harum illum delectus enim. Maxime ex laborum nostrum placeat dolorum id earum non. Reprehenderit cupiditate quod aperiam.,117.72
21323,Men,Sunglasses,Louis Philippe Men Sunglasses LP045-C5,http://assets.myntassets.com/v1/images/style/properties/68a446c2ad8afcf84f95b2015aa963dc_images.jpg,Aliquam blanditiis harum illum delectus enim. Maxime ex laborum nostrum placeat dolorum id earum non. Reprehenderit cupiditate quod aperiam.,164.41
38231,Women,Sunglasses,Polaroid Women Sunglasses,http://assets.myntassets.com/v1/images/style/properties/9d8c0b1f077c6be87fadf1bfeaf3466b_images.jpg,Aliquam blanditiis harum illum delectus enim. Maxime ex laborum nostrum placeat dolorum id earum non. Reprehenderit cupiditate quod aperiam.,161.51
28291,Men,Sunglasses,Fastrack Men Black Sunglasses,http://assets.myntassets.com/v1/images/style/properties/9fa164fcf227f942964d0197fd43744e_images.jpg,Aliquam blanditiis harum illum delectus enim. Maxime ex laborum nostrum placeat dolorum id earum non. Reprehenderit cupiditate quod aperiam.,156.27
36732,Women,Jeans,Spykar Women Liana Blue Jeans,http://assets.myntassets.com/v1/images/style/properties/Spykar-Women-Liana-Blue-Jeans_80c1ab0dc0443b0c72bfdea6157d9dd9_images.jpg,,195.89
16107,Women,Sunglasses,M tv Women My Fab Eyewear Black Sunglasses,http://assets.myntassets.com/v1/images/style/properties/381a461424dce0770e3e59110a584822_images.jpg,,105.64
5451,Men,Shorts,Nike Men's Tempo Blue Short,http://assets.myntassets.com/v1/images/style/properties/6dd86b77a702ba1fef78823760d5ee98_images.jpg,,133.87
13223,Men,Shorts,Palm Tree Kids Boys Washed Blue Shorts,http://assets.myntassets.com/v1/images/style/properties/5524f9df9c8501908b2dc609f166545b_images.jpg,,192.27
27016,Women,Jeans,Jealous 21 Women Washed Blue Jeans,http://assets.myntassets.com/v1/images/style/properties/d739ac6b6030b6ff6595dd9a15934fb9_images.jpg,,155.02
30267,Men,Sunglasses,Speedo Men Sheet Sunglasses,http://assets.myntassets.com/v1/images/style/properties/2951bee1f04a4a11aae2d19bb171c1b4_images.jpg,,144.23
28298,Men,Sunglasses,Fastrack Men Sunglasses,http://assets.myntassets.com/v1/images/style/properties/Fastrack-Men-Sunglasses612d3aa75a422a922d5c44938c22353a_images.jpg,,108.97
56849,Men,Jeans,John Players Men Navy Regular Fit Jeans,http://assets.myntassets.com/v1/images/style/properties/John-Players-Men-Navy-Regular-Fit-Jeans_1ed5b6055e71ade5f7fd9f28d7a2b3df_images.jpg,,131.46
10660,Women,Shorts,Doodle Girl Hot shorts ice wash Blue Shorts,http://assets.myntassets.com/v1/images/style/properties/0f1831a32cc338697d090f0d05d85b8c_images.jpg,,170.33
21315,Women,Sunglasses,Celine Dion Women Black Frame Sunglasses,http://assets.myntassets.com/v1/images/style/properties/9a2f2d364f3e62c3e50e844420e601d7_images.jpg,,153.05
38238,Men,Sunglasses,Polaroid Men Sunglasses,http://assets.myntassets.com/v1/images/style/properties/9bae35b37e764f258197894551f4f876_images.jpg,,170.64
22590,Men,Shorts,Nike Men Solid Grey Shorts,http://assets.myntassets.com/v1/images/style/properties/a7233b8d68f96fcb45f6f438a6549ea8_images.jpg,,153.04
29178,Women,Jeans,United Colors of Benetton Women Washed Blue Jeans,http://assets.myntassets.com/v1/images/style/properties/83c62173527ba1a605d126f07f31538e_images.jpg,,188.29
17213,Women,Sunglasses,United Colors of Benetton Women Funky Eyewear Purple Sunglasses,http://assets.myntassets.com/v1/images/style/properties/c8301cac800ab5198ef158971d74f96e_images.jpg,,131.44
50947,Women,Jeans,Lee Womens Blue Jeggings,http://assets.myntassets.com/v1/images/style/properties/ec0c5925ee7281c4e033456b22273ab8_images.jpg,,197.56
58540,Men,Sunglasses,Miami Blues Men Sunglasses,http://assets.myntassets.com/v1/images/style/properties/Miami-Blues-Men-Sunglasses_36a8d8a34413ebb1cc56f98be350d22e_images.jpg,,1
44923,Men,Jeans,Jack & Jones Men Blue Jeans,http://assets.myntassets.com/v1/images/style/properties/20b883733494228d02093c4e2ad2eb2f_images.jpg,,1231
28405,Men,Sunglasses,Idee Men Black Sunglasses,http://assets.myntassets.com/v1/images/style/properties/557482e93eca0b05ba9a51915a81b67d_images.jpg,,222
38207,Women,Sunglasses,Polaroid Women Sunglasses,http://assets.myntassets.com/v1/images/style/properties/e3975931dc049b2fa468f55b788874a4_images.jpg,,152.91
24204,Men,Jeans,Deni Yo Men Skinny Fit Blue Jeans,http://assets.myntassets.com/v1/images/style/properties/dfe494e64c7161e1e63561efbfea427a_images.jpg,,116.06
17214,Women,Sunglasses,United Colors of Benetton Women Funky Eyewear Black Sunglasses,http://assets.myntassets.com/v1/images/style/properties/b990a35c5db461e5db3bab1cb3357041_images.jpg,,140.65
21312,Women,Sunglasses,Celine Dion Women Brown Frame Sunglasses,http://assets.myntassets.com/v1/images/style/properties/d1e7d429cf1176295be55b2944885907_images.jpg,,189.15
5456,Men,Shorts,Nike Men's Basic Woven Med Blue Short,http://assets.myntassets.com/v1/images/style/properties/36ee4332024113724ef29c9999c9d864_images.jpg,,165.41
7557,Men,Shorts,Nike Men's Tempo 5 Green Short,http://assets.myntassets.com/v1/images/style/properties/38b31d4fd23158696f95b8d2d09d2f7a_images.jpg,,177.49
16100,Women,Sunglasses,M tv Women My Fab Eyewear Maroon Sunglasses,http://assets.myntassets.com/v1/images/style/properties/efee3f96d151a0cbd994363dee77b83e_images.jpg,,157.6
34250,Men,Shorts,Proline Charcoal Grey Shorts,http://assets.myntassets.com/v1/images/style/properties/4d7c2bb436444c19974f825bbd5df765_images.jpg,,173.51
29140,Women,Sunglasses,Vogue Women Purple Sunglasses,http://assets.myntassets.com/v1/images/style/properties/40de728c31d7696fa03fc40b1bdf24ec_images.jpg,,132.29
38200,Men,Sunglasses,Polaroid Men Sunglasses,http://assets.myntassets.com/v1/images/style/properties/26b2153908441a7b9ae53eaaeeccb05e_images.jpg,,197.6
12759,Women,Jeans,Spykar Women Washed Blue Jeans,http://assets.myntassets.com/v1/images/style/properties/d13e53b9f61c0c9b497a1615d425c199_images.jpg,,126.15
28402,Women,Sunglasses,Idee Women Brown Sunglasses,http://assets.myntassets.com/v1/images/style/properties/f61285700836117173afe1d1779cbabc_images.jpg,,194.18
58547,Women,Sunglasses,Miami Blues Women Sunglasses,http://assets.myntassets.com/v1/images/style/properties/Miami-Blues-Women-Sunglasses_3a1bb36fca050ea0ef5032a15b76efab_images.jpg,,182.53
44924,Men,Jeans,Jack & Jones Men Blue Jeans,http://assets.myntassets.com/v1/images/style/properties/1e85047e167a6e042302be3a4a6c8da8_images.jpg,,186.7
14861,Women,Sunglasses,United Colors of Benetton Women Funky Purple Sunglasses,http://assets.myntassets.com/v1/images/style/properties/332913cbffd8a7b1af895db03cba5e59_images.jpg,,191.56
4980,Women,Shorts,Palm Tree Girl's Benita Blue Kidswear,http://assets.myntassets.com/v1/images/style/properties/b791e8e0efd2b9b9b596e4e1100e4408_images.jpg,,158.69
49664,Men,Sunglasses,United Colors of Benetton Men Sunglass,http://assets.myntassets.com/v1/images/style/properties/131cfc21f60c0c8c1944806aab62eefa_images.jpg,,109.66
16960,Men,Sunglasses,Image Men Classic Eyewear Black Sunglasses,http://assets.myntassets.com/v1/images/style/properties/Image-Men-Classic-Eyewear-Black-Sunglasses2e061aa89040d37f05744930632f8fc8_images.jpg,,180.59
27624,Men,Shorts,Scullers Men Cream Shorts,http://assets.myntassets.com/v1/images/style/properties/bf708b590744a69118d241f2b2b22ccb_images.jpg,,121.22
11346,Men,Jeans,Lee Men Blue Zed Fit Jeans,http://assets.myntassets.com/v1/images/style/properties/6a913c4ca4f75ab1876bb070aa0b90b0_images.jpg,,160.38
13247,Men,Jeans,Palm Tree Kids Boy Washed Blue Jeans,http://assets.myntassets.com/v1/images/style/properties/Palm-Tree-Kids-Boy-Washed-Blue-Jeans_e8441f0e19775186b85a639c4fc90d7d_images.jpg,,188.29
16507,Men,Jeans,Locomotive Men Washed Blue Jeans,http://assets.myntassets.com/v1/images/style/properties/8e7e926b9c6ef92e0703f9f2eb6a681a_images.jpg,,131.44
28208,Men,Sunglasses,Ray-Ban Men Active Lifestyle Metallic Sunglasses,http://assets.myntassets.com/v1/images/style/properties/d5d250d9a0ef978ff441d8c0e3fdcfac_images.jpg,,165.21
20859,Women,Sunglasses,United Colors of Benetton Women Casual Brown Sunglasses,http://assets.myntassets.com/v1/images/style/properties/018080d4037f52c7459ab69d9a152496_images.jpg,,169.04
40180,Men,Sunglasses,Fastrack Men UV Protected Sporty Wrap Sunglasses,http://assets.myntassets.com/v1/images/style/properties/52d23d404170601b4b93a138f555a78f_images.jpg,,105.33
40174,Men,Sunglasses,Fastrack Men UV Protected Sporty Wrap Sunglasses,http://assets.myntassets.com/v1/images/style/properties/5d9d0d90869ff1ed15506beefca42ebd_images.jpg,,2
30667,Men,Sunglasses,Park Avenue Men Copper Sunglasses,http://assets.myntassets.com/v1/images/style/properties/f1fbae28d7beada0f3f39dba94054dd3_images.jpg,,1
10052,Women,Shorts,Puma Women Trunk Black Shorts,http://assets.myntassets.com/v1/images/style/properties/575ec204c6922cbdf81a7303d8bf8f23_images.jpg,,104.09
21349,Men,Sunglasses,Pal Zileri Men Casual Metalic Frame Sunglasses,http://assets.myntassets.com/v1/images/style/properties/f739b0a1970f5ca33b63869183979982_images.jpg,,148.65
51668,Men,Sunglasses,Louis Philippe Men Aviator Sunglasses LP217-C3,http://assets.myntassets.com/v1/images/style/properties/Louis-Philippe-Men-Gold-Sunglasses_662cbacc81f537bf8727637e444f1066_images.jpg,,140.87
49663,Men,Sunglasses,United Colors of Benetton Men Sunglass,http://assets.myntassets.com/v1/images/style/properties/United-Colors-of-Benetton-Men-Black-Sunglass_edaa87ee5dcbd97f3697764d5e91ff92_images.jpg,,127.44
40173,Men,Sunglasses,Fastrack Men Black Polarized Sporty Wrap Sunglasses,http://assets.myntassets.com/v1/images/style/properties/cd2f7671f0013fcedb069c749a10fbfb_images.jpg,,160.47
16958,Men,Sunglasses,Image Men Sunglasses,http://assets.myntassets.com/v1/images/style/properties/Image-Men-Classic-Eyewear-Blue-Sunglasses_4f21fab6714d5cb97a782cf19af05e27_images.jpg,,194.18
11341,Men,Jeans,Lee Men Light Blue Chicago Fit Jeans,http://assets.myntassets.com/v1/images/style/properties/Lee-Men-Blue-Chicago-Fit-Jeans_516adbe5616b0e0a01655bf95e505cb7_images.jpg,,134.04
30669,Men,Sunglasses,Park Avenue Men Steel Sunglasses,http://assets.myntassets.com/v1/images/style/properties/a85701dc55cfb422aad61f20fda2a58b_images.jpg,,121.71
39380,Men,Jeans,Peter England Men Blue Party Jeans,http://assets.myntassets.com/v1/images/style/properties/f4915e745c70ce326b3919d4f6069c6b_images.jpg,,150.8
10438,Men,Jeans,Flying Machine Men Midrise Blue Jeans,http://assets.myntassets.com/v1/images/style/properties/97e422e74da7fe700737ef68d187ba67_images.jpg,,191.56
26992,Women,Jeans,Jealous 21 Women Washed Light Blue Jeans,http://assets.myntassets.com/v1/images/style/properties/6d10ba9366448feb420b5c79466b10e7_images.jpg,,183.8
16509,Men,Jeans,Locomotive Men Washed Blue Jeans,http://assets.myntassets.com/v1/images/style/properties/44d41c9e628e2114990628c0f4bd7586_images.jpg,,154.43
16951,Men,Sunglasses,Image Men Classic Eyewear Black Sunglasses,http://assets.myntassets.com/v1/images/style/properties/Image-Men-Classic-Eyewear-Black-Sunglasses_5ddf0cceee8bab70b09ab49c82991c78_images.jpg,,193.12
11348,Men,Jeans,Lee Men Navy Blue Powell Fit Jeans,http://assets.myntassets.com/assets/images/11348/2016/7/22/11469191489534-Lee-Men-Navy-Blue-Powell-Fit-Jeans-2321469191489012-1.jpg,,167.15
7708,Women,Jeans,Jealous 21 Women Aliah Blue Jegging,http://assets.myntassets.com/v1/images/style/properties/af7bdcc918f7a88a64f613560501d143_images.jpg,,172.7
51498,Women,Jeans,Denizen Women Blue Jeans,http://assets.myntassets.com/v1/images/style/properties/2250323f83ae2fe7b8fac8aa55a6f798_images.jpg,,190.32
21340,Men,Sunglasses,Pal Zileri Men Casual Copper Frame Sunglasses,http://assets.myntassets.com/v1/images/style/properties/bfe49e54d2b41e43de5baa1e373c27b6_images.jpg,,170.64
51695,Women,Sunglasses,Van Heusen Women Oversized Sunglasses VH215-C3,http://assets.myntassets.com/v1/images/style/properties/Van-Heusen-Women-Brown-Sunglasses_680d29d337e593d59ef9e6de32e09052_images.jpg,,110.73
16956,Men,Sunglasses,Image Men Classic Eyewear Brown Sunglasses,http://assets.myntassets.com/v1/images/style/properties/Image-Men-Classic-Eyewear-Brown-Sunglasses94dd73651a2e0794149c14d7eee5d079_images.jpg,,111
28201,Men,Sunglasses,Ray-Ban Men High Street Arista Sunglasses,http://assets.myntassets.com/v1/images/style/properties/Ray-Ban-Men-High-Street-Arista-Sunglasses73e2c7d8410c27833bedf63c2ff7ab8b_images.jpg,,133.41
26995,Women,Jeans,Jealous 21 Women Washed Light Blue Jeans,http://assets.myntassets.com/v1/images/style/properties/84053f1fbbb0933c6d7ac98e015935d2_images.jpg,,151.89
39387,Men,Jeans,Peter England Men Blue Jeans,http://assets.myntassets.com/v1/images/style/properties/Peter-England-Men-Blue-Jeans_ffa64008b4811494f6e38a1dc13cc2db_images.jpg,,160.16
51692,Men,Sunglasses,Louis Philippe Men Oversized Sunglasses LP226-C1,http://assets.myntassets.com/v1/images/style/properties/Louis-Philippe-Men-Black-Sunglasses_0a7f6f557cd4a245d1e28ebb44051526_images.jpg,,158.7
51666,Men,Sunglasses,Louis Philippe Men Aviator Sunglasses LP218-C2,http://assets.myntassets.com/v1/images/style/properties/Louis-Philippe-Men-Grey-Sunglasses_b2ca9fb41c35526c4a3b8573acd621d9_images.jpg,,151.83
12488,Men,Sandals,Clarks Men Black Leather Sandals,http://assets.myntassets.com/v1/images/style/properties/bb9bd41df1cbdd3dd777f22ed4e39eed_images.jpg,,111.55
10303,Men,Sandals,Clarks Men Brown Leather Sandals,http://assets.myntassets.com/v1/images/style/properties/528bf35326bc8a1d63c23fa138f405f9_images.jpg,,135.55